0,0.000000000000000E+00,-0.000000000000000E+00
1,7.818608287724785E-04,0.000000000000000E+00
2,1.563721657544957E-03,0.000000000000000E+00
3,2.345582486317436E-03,0.000000000000000E+00
4,3.127443315089914E-03,0.000000000000000E+00
5,3.909304143862392E-03,0.000000000000000E+00
6,4.691164972634871E-03,0.000000000000000E+00
7,5.473025801407350E-03,0.000000000000000E+00
8,6.254886630179828E-03,0.000000000000000E+00
9,7.036747458952306E-03,0.000000000000000E+00
10,7.818608287724784E-03,0.000000000000000E+00
11,8.600469116497263E-03,0.000000000000000E+00
12,9.382329945269743E-03,0.000000000000000E+00
13,1.016419077404222E-02,0.000000000000000E+00
14,1.094605160281470E-02,0.000000000000000E+00
15,1.172791243158718E-02,0.000000000000000E+00
16,1.250977326035966E-02,0.000000000000000E+00
17,1.329163408913213E-02,0.000000000000000E+00
18,1.407349491790461E-02,0.000000000000000E+00
19,1.485535574667709E-02,0.000000000000000E+00
20,1.563721657544957E-02,0.000000000000000E+00
21,1.641907740422205E-02,0.000000000000000E+00
22,1.720093823299453E-02,0.000000000000000E+00
23,1.798279906176701E-02,0.000000000000000E+00
24,1.876465989053949E-02,0.000000000000000E+00
25,1.954652071931196E-02,0.000000000000000E+00
26,2.032838154808444E-02,0.000000000000000E+00
27,2.111024237685692E-02,0.000000000000000E+00
28,2.189210320562940E-02,0.000000000000000E+00
29,2.267396403440188E-02,0.000000000000000E+00
30,2.345582486317436E-02,0.000000000000000E+00
31,2.423768569194683E-02,0.000000000000000E+00
32,2.501954652071931E-02,0.000000000000000E+00
33,2.580140734949179E-02,0.000000000000000E+00
34,2.658326817826427E-02,0.000000000000000E+00
35,2.736512900703675E-02,0.000000000000000E+00
36,2.814698983580922E-02,0.000000000000000E+00
37,2.892885066458170E-02,0.000000000000000E+00
38,2.971071149335418E-02,0.000000000000000E+00
39,3.049257232212666E-02,0.000000000000000E+00
40,3.127443315089914E-02,0.000000000000000E+00
41,3.205629397967162E-02,0.000000000000000E+00
42,3.283815480844410E-02,0.000000000000000E+00
43,3.362001563721657E-02,0.000000000000000E+00
44,3.440187646598905E-02,0.000000000000000E+00
45,3.518373729476153E-02,0.000000000000000E+00
46,3.596559812353401E-02,0.000000000000000E+00
47,3.674745895230649E-02,0.000000000000000E+00
48,3.752931978107897E-02,0.000000000000000E+00
49,3.831118060985145E-02,0.000000000000000E+00
50,3.909304143862392E-02,0.000000000000000E+00
51,3.987490226739640E-02,0.000000000000000E+00
52,4.065676309616888E-02,0.000000000000000E+00
53,4.143862392494136E-02,0.000000000000000E+00
54,4.222048475371384E-02,0.000000000000000E+00
55,4.300234558248631E-02,0.000000000000000E+00
56,4.378420641125880E-02,0.000000000000000E+00
57,4.456606724003127E-02,0.000000000000000E+00
58,4.534792806880375E-02,0.000000000000000E+00
59,4.612978889757623E-02,0.000000000000000E+00
60,4.691164972634871E-02,0.000000000000000E+00
61,4.769351055512119E-02,0.000000000000000E+00
62,4.847537138389366E-02,0.000000000000000E+00
63,4.925723221266615E-02,0.000000000000000E+00
64,5.003909304143862E-02,0.000000000000000E+00
65,5.082095387021110E-02,0.000000000000000E+00
66,5.160281469898358E-02,0.000000000000000E+00
67,5.238467552775606E-02,0.000000000000000E+00
68,5.316653635652854E-02,0.000000000000000E+00
69,5.394839718530101E-02,0.000000000000000E+00
70,5.473025801407350E-02,0.000000000000000E+00
71,5.551211884284597E-02,0.000000000000000E+00
72,5.629397967161845E-02,0.000000000000000E+00
73,5.707584050039093E-02,0.000000000000000E+00
74,5.785770132916341E-02,0.000000000000000E+00
75,5.863956215793589E-02,0.000000000000000E+00
76,5.942142298670836E-02,0.000000000000000E+00
77,6.020328381548085E-02,0.000000000000000E+00
78,6.098514464425332E-02,0.000000000000000E+00
79,6.176700547302580E-02,0.000000000000000E+00
80,6.254886630179828E-02,0.000000000000000E+00
81,6.333072713057075E-02,0.000000000000000E+00
82,6.411258795934324E-02,0.000000000000000E+00
83,6.489444878811572E-02,0.000000000000000E+00
84,6.567630961688820E-02,0.000000000000000E+00
85,6.645817044566067E-02,0.000000000000000E+00
86,6.724003127443315E-02,0.000000000000000E+00
87,6.802189210320563E-02,0.000000000000000E+00
88,6.880375293197810E-02,0.000000000000000E+00
89,6.958561376075059E-02,0.000000000000000E+00
90,7.036747458952307E-02,0.000000000000000E+00
91,7.114933541829555E-02,0.000000000000000E+00
92,7.193119624706802E-02,0.000000000000000E+00
93,7.271305707584050E-02,0.000000000000000E+00
94,7.349491790461297E-02,0.000000000000000E+00
95,7.427677873338545E-02,0.000000000000000E+00
96,7.505863956215794E-02,0.000000000000000E+00
97,7.584050039093042E-02,0.000000000000000E+00
98,7.662236121970289E-02,0.000000000000000E+00
99,7.740422204847537E-02,0.000000000000000E+00
100,7.818608287724785E-02,0.000000000000000E+00
101,7.896794370602032E-02,0.000000000000000E+00
102,7.974980453479280E-02,0.000000000000000E+00
103,8.053166536356528E-02,0.000000000000000E+00
104,8.131352619233777E-02,0.000000000000000E+00
105,8.209538702111024E-02,0.000000000000000E+00
106,8.287724784988272E-02,0.000000000000000E+00
107,8.365910867865520E-02,0.000000000000000E+00
108,8.444096950742767E-02,0.000000000000000E+00
109,8.522283033620015E-02,0.000000000000000E+00
110,8.600469116497263E-02,0.000000000000000E+00
111,8.678655199374512E-02,0.000000000000000E+00
112,8.756841282251759E-02,0.000000000000000E+00
113,8.835027365129007E-02,0.000000000000000E+00
114,8.913213448006255E-02,0.000000000000000E+00
115,8.991399530883502E-02,0.000000000000000E+00
116,9.069585613760750E-02,0.000000000000000E+00
117,9.147771696637998E-02,0.000000000000000E+00
118,9.225957779515247E-02,0.000000000000000E+00
119,9.304143862392494E-02,0.000000000000000E+00
120,9.382329945269742E-02,0.000000000000000E+00
121,9.460516028146990E-02,0.000000000000000E+00
122,9.538702111024237E-02,0.000000000000000E+00
123,9.616888193901485E-02,0.000000000000000E+00
124,9.695074276778733E-02,0.000000000000000E+00
125,9.773260359655982E-02,0.000000000000000E+00
126,9.851446442533229E-02,0.000000000000000E+00
127,9.929632525410477E-02,0.000000000000000E+00
128,1.000781860828772E-01,0.000000000000000E+00
129,1.008600469116497E-01,0.000000000000000E+00
130,1.016419077404222E-01,0.000000000000000E+00
131,1.024237685691947E-01,0.000000000000000E+00
132,1.032056293979672E-01,0.000000000000000E+00
133,1.039874902267396E-01,0.000000000000000E+00
134,1.047693510555121E-01,0.000000000000000E+00
135,1.055512118842846E-01,0.000000000000000E+00
136,1.063330727130571E-01,0.000000000000000E+00
137,1.071149335418295E-01,0.000000000000000E+00
138,1.078967943706020E-01,0.000000000000000E+00
139,1.086786551993745E-01,0.000000000000000E+00
140,1.094605160281470E-01,0.000000000000000E+00
141,1.102423768569195E-01,0.000000000000000E+00
142,1.110242376856919E-01,0.000000000000000E+00
143,1.118060985144644E-01,0.000000000000000E+00
144,1.125879593432369E-01,0.000000000000000E+00
145,1.133698201720094E-01,0.000000000000000E+00
146,1.141516810007819E-01,0.000000000000000E+00
147,1.149335418295543E-01,0.000000000000000E+00
148,1.157154026583268E-01,0.000000000000000E+00
149,1.164972634870993E-01,0.000000000000000E+00
150,1.172791243158718E-01,0.000000000000000E+00
151,1.180609851446442E-01,0.000000000000000E+00
152,1.188428459734167E-01,0.000000000000000E+00
153,1.196247068021892E-01,0.000000000000000E+00
154,1.204065676309617E-01,0.000000000000000E+00
155,1.211884284597342E-01,0.000000000000000E+00
156,1.219702892885066E-01,0.000000000000000E+00
157,1.227521501172791E-01,0.000000000000000E+00
158,1.235340109460516E-01,0.000000000000000E+00
159,1.243158717748241E-01,0.000000000000000E+00
160,1.250977326035966E-01,0.000000000000000E+00
161,1.258795934323690E-01,0.000000000000000E+00
162,1.266614542611415E-01,0.000000000000000E+00
163,1.274433150899140E-01,0.000000000000000E+00
164,1.282251759186865E-01,0.000000000000000E+00
165,1.290070367474589E-01,0.000000000000000E+00
166,1.297888975762314E-01,0.000000000000000E+00
167,1.305707584050039E-01,0.000000000000000E+00
168,1.313526192337764E-01,0.000000000000000E+00
169,1.321344800625489E-01,0.000000000000000E+00
170,1.329163408913213E-01,0.000000000000000E+00
171,1.336982017200938E-01,0.000000000000000E+00
172,1.344800625488663E-01,0.000000000000000E+00
173,1.352619233776388E-01,0.000000000000000E+00
174,1.360437842064113E-01,0.000000000000000E+00
175,1.368256450351837E-01,0.000000000000000E+00
176,1.376075058639562E-01,0.000000000000000E+00
177,1.383893666927287E-01,0.000000000000000E+00
178,1.391712275215012E-01,0.000000000000000E+00
179,1.399530883502736E-01,0.000000000000000E+00
180,1.407349491790461E-01,0.000000000000000E+00
181,1.415168100078186E-01,0.000000000000000E+00
182,1.422986708365911E-01,0.000000000000000E+00
183,1.430805316653636E-01,0.000000000000000E+00
184,1.438623924941360E-01,0.000000000000000E+00
185,1.446442533229085E-01,0.000000000000000E+00
186,1.454261141516810E-01,0.000000000000000E+00
187,1.462079749804535E-01,0.000000000000000E+00
188,1.469898358092259E-01,0.000000000000000E+00
189,1.477716966379984E-01,0.000000000000000E+00
190,1.485535574667709E-01,0.000000000000000E+00
191,1.493354182955434E-01,0.000000000000000E+00
192,1.501172791243159E-01,0.000000000000000E+00
193,1.508991399530883E-01,0.000000000000000E+00
194,1.516810007818608E-01,0.000000000000000E+00
195,1.524628616106333E-01,0.000000000000000E+00
196,1.532447224394058E-01,0.000000000000000E+00
197,1.540265832681783E-01,0.000000000000000E+00
198,1.548084440969507E-01,0.000000000000000E+00
199,1.555903049257232E-01,0.000000000000000E+00
200,1.563721657544957E-01,0.000000000000000E+00
201,1.571540265832682E-01,0.000000000000000E+00
202,1.579358874120406E-01,0.000000000000000E+00
203,1.587177482408131E-01,0.000000000000000E+00
204,1.594996090695856E-01,0.000000000000000E+00
205,1.602814698983581E-01,0.000000000000000E+00
206,1.610633307271306E-01,0.000000000000000E+00
207,1.618451915559030E-01,0.000000000000000E+00
208,1.626270523846755E-01,0.000000000000000E+00
209,1.634089132134480E-01,0.000000000000000E+00
210,1.641907740422205E-01,0.000000000000000E+00
211,1.649726348709930E-01,0.000000000000000E+00
212,1.657544956997654E-01,0.000000000000000E+00
213,1.665363565285379E-01,0.000000000000000E+00
214,1.673182173573104E-01,0.000000000000000E+00
215,1.681000781860829E-01,0.000000000000000E+00
216,1.688819390148553E-01,0.000000000000000E+00
217,1.696637998436278E-01,0.000000000000000E+00
218,1.704456606724003E-01,0.000000000000000E+00
219,1.712275215011728E-01,0.000000000000000E+00
220,1.720093823299453E-01,0.000000000000000E+00
221,1.727912431587177E-01,0.000000000000000E+00
222,1.735731039874902E-01,0.000000000000000E+00
223,1.743549648162627E-01,0.000000000000000E+00
224,1.751368256450352E-01,0.000000000000000E+00
225,1.759186864738077E-01,0.000000000000000E+00
226,1.767005473025801E-01,0.000000000000000E+00
227,1.774824081313526E-01,0.000000000000000E+00
228,1.782642689601251E-01,0.000000000000000E+00
229,1.790461297888976E-01,0.000000000000000E+00
230,1.798279906176700E-01,0.000000000000000E+00
231,1.806098514464425E-01,0.000000000000000E+00
232,1.813917122752150E-01,0.000000000000000E+00
233,1.821735731039875E-01,0.000000000000000E+00
234,1.829554339327600E-01,0.000000000000000E+00
235,1.837372947615324E-01,0.000000000000000E+00
236,1.845191555903049E-01,0.000000000000000E+00
237,1.853010164190774E-01,0.000000000000000E+00
238,1.860828772478499E-01,0.000000000000000E+00
239,1.868647380766223E-01,0.000000000000000E+00
240,1.876465989053948E-01,0.000000000000000E+00
241,1.884284597341673E-01,0.000000000000000E+00
242,1.892103205629398E-01,0.000000000000000E+00
243,1.899921813917123E-01,0.000000000000000E+00
244,1.907740422204847E-01,0.000000000000000E+00
245,1.915559030492572E-01,0.000000000000000E+00
246,1.923377638780297E-01,0.000000000000000E+00
247,1.931196247068022E-01,0.000000000000000E+00
248,1.939014855355747E-01,0.000000000000000E+00
249,1.946833463643471E-01,0.000000000000000E+00
250,1.954652071931196E-01,0.000000000000000E+00
251,1.962470680218921E-01,0.000000000000000E+00
252,1.970289288506646E-01,0.000000000000000E+00
253,1.978107896794370E-01,0.000000000000000E+00
254,1.985926505082095E-01,0.000000000000000E+00
255,1.993745113369820E-01,0.000000000000000E+00
256,2.001563721657545E-01,0.000000000000000E+00
257,2.009382329945270E-01,0.000000000000000E+00
258,2.017200938232994E-01,0.000000000000000E+00
259,2.025019546520719E-01,0.000000000000000E+00
260,2.032838154808444E-01,0.000000000000000E+00
261,2.040656763096169E-01,0.000000000000000E+00
262,2.048475371383894E-01,0.000000000000000E+00
263,2.056293979671618E-01,0.000000000000000E+00
264,2.064112587959343E-01,0.000000000000000E+00
265,2.071931196247068E-01,0.000000000000000E+00
266,2.079749804534793E-01,0.000000000000000E+00
267,2.087568412822517E-01,0.000000000000000E+00
268,2.095387021110242E-01,0.000000000000000E+00
269,2.103205629397967E-01,0.000000000000000E+00
270,2.111024237685692E-01,0.000000000000000E+00
271,2.118842845973417E-01,0.000000000000000E+00
272,2.126661454261141E-01,0.000000000000000E+00
273,2.134480062548866E-01,0.000000000000000E+00
274,2.142298670836591E-01,0.000000000000000E+00
275,2.150117279124316E-01,0.000000000000000E+00
276,2.157935887412041E-01,0.000000000000000E+00
277,2.165754495699765E-01,0.000000000000000E+00
278,2.173573103987490E-01,0.000000000000000E+00
279,2.181391712275215E-01,0.000000000000000E+00
280,2.189210320562940E-01,0.000000000000000E+00
281,2.197028928850664E-01,0.000000000000000E+00
282,2.204847537138389E-01,0.000000000000000E+00
283,2.212666145426114E-01,0.000000000000000E+00
284,2.220484753713839E-01,0.000000000000000E+00
285,2.228303362001564E-01,0.000000000000000E+00
286,2.236121970289288E-01,0.000000000000000E+00
287,2.243940578577013E-01,0.000000000000000E+00
288,2.251759186864738E-01,0.000000000000000E+00
289,2.259577795152463E-01,0.000000000000000E+00
290,2.267396403440188E-01,0.000000000000000E+00
291,2.275215011727912E-01,0.000000000000000E+00
292,2.283033620015637E-01,0.000000000000000E+00
293,2.290852228303362E-01,0.000000000000000E+00
294,2.298670836591087E-01,0.000000000000000E+00
295,2.306489444878811E-01,0.000000000000000E+00
296,2.314308053166536E-01,0.000000000000000E+00
297,2.322126661454261E-01,0.000000000000000E+00
298,2.329945269741986E-01,0.000000000000000E+00
299,2.337763878029711E-01,0.000000000000000E+00
300,2.345582486317435E-01,0.000000000000000E+00
301,2.353401094605160E-01,0.000000000000000E+00
302,2.361219702892885E-01,0.000000000000000E+00
303,2.369038311180610E-01,0.000000000000000E+00
304,2.376856919468334E-01,0.000000000000000E+00
305,2.384675527756059E-01,0.000000000000000E+00
306,2.392494136043784E-01,0.000000000000000E+00
307,2.400312744331509E-01,0.000000000000000E+00
308,2.408131352619234E-01,0.000000000000000E+00
309,2.415949960906958E-01,0.000000000000000E+00
310,2.423768569194683E-01,0.000000000000000E+00
311,2.431587177482408E-01,0.000000000000000E+00
312,2.439405785770133E-01,0.000000000000000E+00
313,2.447224394057858E-01,0.000000000000000E+00
314,2.455043002345582E-01,0.000000000000000E+00
315,2.462861610633307E-01,0.000000000000000E+00
316,2.470680218921032E-01,0.000000000000000E+00
317,2.478498827208757E-01,0.000000000000000E+00
318,2.486317435496481E-01,0.000000000000000E+00
319,2.494136043784206E-01,0.000000000000000E+00
320,2.501954652071931E-01,0.000000000000000E+00
321,2.509773260359656E-01,0.000000000000000E+00
322,2.517591868647381E-01,0.000000000000000E+00
323,2.525410476935105E-01,0.000000000000000E+00
324,2.533229085222830E-01,0.000000000000000E+00
325,2.541047693510555E-01,0.000000000000000E+00
326,2.548866301798280E-01,0.000000000000000E+00
327,2.556684910086005E-01,0.000000000000000E+00
328,2.564503518373730E-01,0.000000000000000E+00
329,2.572322126661454E-01,0.000000000000000E+00
330,2.580140734949179E-01,0.000000000000000E+00
331,2.587959343236904E-01,0.000000000000000E+00
332,2.595777951524629E-01,0.000000000000000E+00
333,2.603596559812353E-01,0.000000000000000E+00
334,2.611415168100078E-01,0.000000000000000E+00
335,2.619233776387803E-01,0.000000000000000E+00
336,2.627052384675528E-01,0.000000000000000E+00
337,2.634870992963252E-01,0.000000000000000E+00
338,2.642689601250977E-01,0.000000000000000E+00
339,2.650508209538702E-01,0.000000000000000E+00
340,2.658326817826427E-01,0.000000000000000E+00
341,2.666145426114152E-01,0.000000000000000E+00
342,2.673964034401877E-01,0.000000000000000E+00
343,2.681782642689601E-01,0.000000000000000E+00
344,2.689601250977326E-01,0.000000000000000E+00
345,2.697419859265051E-01,0.000000000000000E+00
346,2.705238467552776E-01,0.000000000000000E+00
347,2.713057075840500E-01,0.000000000000000E+00
348,2.720875684128225E-01,0.000000000000000E+00
349,2.728694292415950E-01,0.000000000000000E+00
350,2.736512900703675E-01,0.000000000000000E+00
351,2.744331508991399E-01,0.000000000000000E+00
352,2.752150117279124E-01,0.000000000000000E+00
353,2.759968725566849E-01,0.000000000000000E+00
354,2.767787333854574E-01,0.000000000000000E+00
355,2.775605942142298E-01,0.000000000000000E+00
356,2.783424550430024E-01,0.000000000000000E+00
357,2.791243158717748E-01,0.000000000000000E+00
358,2.799061767005473E-01,0.000000000000000E+00
359,2.806880375293198E-01,0.000000000000000E+00
360,2.814698983580923E-01,0.000000000000000E+00
361,2.822517591868647E-01,0.000000000000000E+00
362,2.830336200156372E-01,0.000000000000000E+00
363,2.838154808444097E-01,0.000000000000000E+00
364,2.845973416731822E-01,0.000000000000000E+00
365,2.853792025019546E-01,0.000000000000000E+00
366,2.861610633307271E-01,0.000000000000000E+00
367,2.869429241594996E-01,0.000000000000000E+00
368,2.877247849882721E-01,0.000000000000000E+00
369,2.885066458170445E-01,0.000000000000000E+00
370,2.892885066458171E-01,0.000000000000000E+00
371,2.900703674745895E-01,0.000000000000000E+00
372,2.908522283033620E-01,0.000000000000000E+00
373,2.916340891321345E-01,0.000000000000000E+00
374,2.924159499609070E-01,0.000000000000000E+00
375,2.931978107896794E-01,0.000000000000000E+00
376,2.939796716184519E-01,0.000000000000000E+00
377,2.947615324472244E-01,0.000000000000000E+00
378,2.955433932759969E-01,0.000000000000000E+00
379,2.963252541047693E-01,0.000000000000000E+00
380,2.971071149335418E-01,0.000000000000000E+00
381,2.978889757623143E-01,0.000000000000000E+00
382,2.986708365910868E-01,0.000000000000000E+00
383,2.994526974198592E-01,0.000000000000000E+00
384,3.002345582486318E-01,0.000000000000000E+00
385,3.010164190774042E-01,0.000000000000000E+00
386,3.017982799061767E-01,0.000000000000000E+00
387,3.025801407349492E-01,0.000000000000000E+00
388,3.033620015637217E-01,0.000000000000000E+00
389,3.041438623924941E-01,0.000000000000000E+00
390,3.049257232212666E-01,0.000000000000000E+00
391,3.057075840500391E-01,0.000000000000000E+00
392,3.064894448788116E-01,0.000000000000000E+00
393,3.072713057075840E-01,0.000000000000000E+00
394,3.080531665363565E-01,0.000000000000000E+00
395,3.088350273651290E-01,0.000000000000000E+00
396,3.096168881939015E-01,0.000000000000000E+00
397,3.103987490226739E-01,0.000000000000000E+00
398,3.111806098514464E-01,0.000000000000000E+00
399,3.119624706802189E-01,0.000000000000000E+00
400,3.127443315089914E-01,0.000000000000000E+00
401,3.135261923377639E-01,0.000000000000000E+00
402,3.143080531665364E-01,0.000000000000000E+00
403,3.150899139953088E-01,0.000000000000000E+00
404,3.158717748240813E-01,0.000000000000000E+00
405,3.166536356528538E-01,0.000000000000000E+00
406,3.174354964816263E-01,0.000000000000000E+00
407,3.182173573103987E-01,0.000000000000000E+00
408,3.189992181391712E-01,0.000000000000000E+00
409,3.197810789679437E-01,0.000000000000000E+00
410,3.205629397967162E-01,0.000000000000000E+00
411,3.213448006254886E-01,0.000000000000000E+00
412,3.221266614542611E-01,0.000000000000000E+00
413,3.229085222830336E-01,0.000000000000000E+00
414,3.236903831118061E-01,0.000000000000000E+00
415,3.244722439405786E-01,0.000000000000000E+00
416,3.252541047693511E-01,0.000000000000000E+00
417,3.260359655981235E-01,0.000000000000000E+00
418,3.268178264268960E-01,0.000000000000000E+00
419,3.275996872556685E-01,0.000000000000000E+00
420,3.283815480844410E-01,0.000000000000000E+00
421,3.291634089132134E-01,0.000000000000000E+00
422,3.299452697419859E-01,0.000000000000000E+00
423,3.307271305707584E-01,0.000000000000000E+00
424,3.315089913995309E-01,0.000000000000000E+00
425,3.322908522283033E-01,0.000000000000000E+00
426,3.330727130570758E-01,0.000000000000000E+00
427,3.338545738858483E-01,0.000000000000000E+00
428,3.346364347146208E-01,0.000000000000000E+00
429,3.354182955433933E-01,0.000000000000000E+00
430,3.362001563721658E-01,0.000000000000000E+00
431,3.369820172009382E-01,0.000000000000000E+00
432,3.377638780297107E-01,0.000000000000000E+00
433,3.385457388584832E-01,0.000000000000000E+00
434,3.393275996872557E-01,0.000000000000000E+00
435,3.401094605160281E-01,0.000000000000000E+00
436,3.408913213448006E-01,0.000000000000000E+00
437,3.416731821735731E-01,0.000000000000000E+00
438,3.424550430023456E-01,0.000000000000000E+00
439,3.432369038311180E-01,0.000000000000000E+00
440,3.440187646598905E-01,0.000000000000000E+00
441,3.448006254886630E-01,0.000000000000000E+00
442,3.455824863174355E-01,0.000000000000000E+00
443,3.463643471462080E-01,0.000000000000000E+00
444,3.471462079749805E-01,0.000000000000000E+00
445,3.479280688037529E-01,0.000000000000000E+00
446,3.487099296325254E-01,0.000000000000000E+00
447,3.494917904612979E-01,0.000000000000000E+00
448,3.502736512900704E-01,0.000000000000000E+00
449,3.510555121188428E-01,0.000000000000000E+00
450,3.518373729476153E-01,0.000000000000000E+00
451,3.526192337763878E-01,0.000000000000000E+00
452,3.534010946051603E-01,0.000000000000000E+00
453,3.541829554339327E-01,0.000000000000000E+00
454,3.549648162627052E-01,0.000000000000000E+00
455,3.557466770914777E-01,0.000000000000000E+00
456,3.565285379202502E-01,0.000000000000000E+00
457,3.573103987490227E-01,0.000000000000000E+00
458,3.580922595777952E-01,0.000000000000000E+00
459,3.588741204065676E-01,0.000000000000000E+00
460,3.596559812353401E-01,0.000000000000000E+00
461,3.604378420641126E-01,0.000000000000000E+00
462,3.612197028928851E-01,0.000000000000000E+00
463,3.620015637216575E-01,0.000000000000000E+00
464,3.627834245504300E-01,0.000000000000000E+00
465,3.635652853792025E-01,0.000000000000000E+00
466,3.643471462079750E-01,0.000000000000000E+00
467,3.651290070367474E-01,0.000000000000000E+00
468,3.659108678655199E-01,0.000000000000000E+00
469,3.666927286942924E-01,0.000000000000000E+00
470,3.674745895230649E-01,0.000000000000000E+00
471,3.682564503518373E-01,0.000000000000000E+00
472,3.690383111806099E-01,0.000000000000000E+00
473,3.698201720093823E-01,0.000000000000000E+00
474,3.706020328381548E-01,0.000000000000000E+00
475,3.713838936669273E-01,0.000000000000000E+00
476,3.721657544956998E-01,0.000000000000000E+00
477,3.729476153244722E-01,0.000000000000000E+00
478,3.737294761532447E-01,0.000000000000000E+00
479,3.745113369820172E-01,0.000000000000000E+00
480,3.752931978107897E-01,0.000000000000000E+00
481,3.760750586395621E-01,0.000000000000000E+00
482,3.768569194683346E-01,0.000000000000000E+00
483,3.776387802971071E-01,0.000000000000000E+00
484,3.784206411258796E-01,0.000000000000000E+00
485,3.792025019546520E-01,0.000000000000000E+00
486,3.799843627834246E-01,0.000000000000000E+00
487,3.807662236121970E-01,0.000000000000000E+00
488,3.815480844409695E-01,0.000000000000000E+00
489,3.823299452697420E-01,0.000000000000000E+00
490,3.831118060985145E-01,0.000000000000000E+00
491,3.838936669272869E-01,0.000000000000000E+00
492,3.846755277560594E-01,0.000000000000000E+00
493,3.854573885848319E-01,0.000000000000000E+00
494,3.862392494136044E-01,0.000000000000000E+00
495,3.870211102423768E-01,0.000000000000000E+00
496,3.878029710711493E-01,0.000000000000000E+00
497,3.885848318999218E-01,0.000000000000000E+00
498,3.893666927286943E-01,0.000000000000000E+00
499,3.901485535574667E-01,0.000000000000000E+00
500,3.909304143862393E-01,0.000000000000000E+00
501,3.917122752150117E-01,0.000000000000000E+00
502,3.924941360437842E-01,0.000000000000000E+00
503,3.932759968725567E-01,0.000000000000000E+00
504,3.940578577013292E-01,0.000000000000000E+00
505,3.948397185301016E-01,0.000000000000000E+00
506,3.956215793588741E-01,0.000000000000000E+00
507,3.964034401876466E-01,0.000000000000000E+00
508,3.971853010164191E-01,0.000000000000000E+00
509,3.979671618451915E-01,0.000000000000000E+00
510,3.987490226739640E-01,0.000000000000000E+00
511,3.995308835027365E-01,0.000000000000000E+00
512,4.003127443315090E-01,0.000000000000000E+00
513,4.010946051602814E-01,0.000000000000000E+00
514,4.018764659890540E-01,0.000000000000000E+00
515,4.026583268178264E-01,0.000000000000000E+00
516,4.034401876465989E-01,0.000000000000000E+00
517,4.042220484753714E-01,0.000000000000000E+00
518,4.050039093041439E-01,0.000000000000000E+00
519,4.057857701329163E-01,0.000000000000000E+00
520,4.065676309616888E-01,0.000000000000000E+00
521,4.073494917904613E-01,0.000000000000000E+00
522,4.081313526192338E-01,0.000000000000000E+00
523,4.089132134480062E-01,0.000000000000000E+00
524,4.096950742767787E-01,0.000000000000000E+00
525,4.104769351055512E-01,0.000000000000000E+00
526,4.112587959343237E-01,0.000000000000000E+00
527,4.120406567630961E-01,0.000000000000000E+00
528,4.128225175918687E-01,0.000000000000000E+00
529,4.136043784206411E-01,0.000000000000000E+00
530,4.143862392494136E-01,0.000000000000000E+00
531,4.151681000781861E-01,0.000000000000000E+00
532,4.159499609069586E-01,0.000000000000000E+00
533,4.167318217357310E-01,0.000000000000000E+00
534,4.175136825645035E-01,0.000000000000000E+00
535,4.182955433932760E-01,0.000000000000000E+00
536,4.190774042220485E-01,0.000000000000000E+00
537,4.198592650508209E-01,0.000000000000000E+00
538,4.206411258795934E-01,0.000000000000000E+00
539,4.214229867083659E-01,0.000000000000000E+00
540,4.222048475371384E-01,0.000000000000000E+00
541,4.229867083659108E-01,0.000000000000000E+00
542,4.237685691946834E-01,0.000000000000000E+00
543,4.245504300234558E-01,0.000000000000000E+00
544,4.253322908522283E-01,0.000000000000000E+00
545,4.261141516810008E-01,0.000000000000000E+00
546,4.268960125097733E-01,0.000000000000000E+00
547,4.276778733385457E-01,0.000000000000000E+00
548,4.284597341673182E-01,0.000000000000000E+00
549,4.292415949960907E-01,0.000000000000000E+00
550,4.300234558248632E-01,0.000000000000000E+00
551,4.308053166536356E-01,0.000000000000000E+00
552,4.315871774824081E-01,0.000000000000000E+00
553,4.323690383111806E-01,0.000000000000000E+00
554,4.331508991399531E-01,0.000000000000000E+00
555,4.339327599687255E-01,0.000000000000000E+00
556,4.347146207974981E-01,0.000000000000000E+00
557,4.354964816262705E-01,0.000000000000000E+00
558,4.362783424550430E-01,0.000000000000000E+00
559,4.370602032838155E-01,0.000000000000000E+00
560,4.378420641125880E-01,0.000000000000000E+00
561,4.386239249413604E-01,0.000000000000000E+00
562,4.394057857701329E-01,0.000000000000000E+00
563,4.401876465989054E-01,0.000000000000000E+00
564,4.409695074276779E-01,0.000000000000000E+00
565,4.417513682564503E-01,0.000000000000000E+00
566,4.425332290852228E-01,0.000000000000000E+00
567,4.433150899139953E-01,0.000000000000000E+00
568,4.440969507427678E-01,0.000000000000000E+00
569,4.448788115715402E-01,0.000000000000000E+00
570,4.456606724003128E-01,0.000000000000000E+00
571,4.464425332290852E-01,0.000000000000000E+00
572,4.472243940578577E-01,0.000000000000000E+00
573,4.480062548866302E-01,0.000000000000000E+00
574,4.487881157154027E-01,0.000000000000000E+00
575,4.495699765441751E-01,0.000000000000000E+00
576,4.503518373729476E-01,0.000000000000000E+00
577,4.511336982017201E-01,0.000000000000000E+00
578,4.519155590304926E-01,0.000000000000000E+00
579,4.526974198592650E-01,0.000000000000000E+00
580,4.534792806880375E-01,0.000000000000000E+00
581,4.542611415168100E-01,0.000000000000000E+00
582,4.550430023455825E-01,0.000000000000000E+00
583,4.558248631743549E-01,0.000000000000000E+00
584,4.566067240031275E-01,0.000000000000000E+00
585,4.573885848318999E-01,0.000000000000000E+00
586,4.581704456606724E-01,0.000000000000000E+00
587,4.589523064894449E-01,0.000000000000000E+00
588,4.597341673182174E-01,0.000000000000000E+00
589,4.605160281469898E-01,0.000000000000000E+00
590,4.612978889757623E-01,0.000000000000000E+00
591,4.620797498045348E-01,0.000000000000000E+00
592,4.628616106333073E-01,0.000000000000000E+00
593,4.636434714620797E-01,0.000000000000000E+00
594,4.644253322908522E-01,0.000000000000000E+00
595,4.652071931196247E-01,0.000000000000000E+00
596,4.659890539483972E-01,0.000000000000000E+00
597,4.667709147771696E-01,0.000000000000000E+00
598,4.675527756059422E-01,0.000000000000000E+00
599,4.683346364347146E-01,0.000000000000000E+00
600,4.691164972634871E-01,0.000000000000000E+00
601,4.698983580922595E-01,0.000000000000000E+00
602,4.706802189210321E-01,0.000000000000000E+00
603,4.714620797498045E-01,0.000000000000000E+00
604,4.722439405785770E-01,0.000000000000000E+00
605,4.730258014073495E-01,0.000000000000000E+00
606,4.738076622361220E-01,0.000000000000000E+00
607,4.745895230648944E-01,0.000000000000000E+00
608,4.753713838936669E-01,0.000000000000000E+00
609,4.761532447224394E-01,0.000000000000000E+00
610,4.769351055512119E-01,0.000000000000000E+00
611,4.777169663799843E-01,0.000000000000000E+00
612,4.784988272087569E-01,0.000000000000000E+00
613,4.792806880375293E-01,0.000000000000000E+00
614,4.800625488663018E-01,0.000000000000000E+00
615,4.808444096950742E-01,0.000000000000000E+00
616,4.816262705238468E-01,0.000000000000000E+00
617,4.824081313526192E-01,0.000000000000000E+00
618,4.831899921813917E-01,0.000000000000000E+00
619,4.839718530101642E-01,0.000000000000000E+00
620,4.847537138389367E-01,0.000000000000000E+00
621,4.855355746677091E-01,0.000000000000000E+00
622,4.863174354964816E-01,0.000000000000000E+00
623,4.870992963252541E-01,0.000000000000000E+00
624,4.878811571540266E-01,0.000000000000000E+00
625,4.886630179827990E-01,0.000000000000000E+00
626,4.894448788115716E-01,0.000000000000000E+00
627,4.902267396403440E-01,0.000000000000000E+00
628,4.910086004691165E-01,0.000000000000000E+00
629,4.917904612978889E-01,0.000000000000000E+00
630,4.925723221266615E-01,0.000000000000000E+00
631,4.933541829554339E-01,0.000000000000000E+00
632,4.941360437842064E-01,0.000000000000000E+00
633,4.949179046129789E-01,0.000000000000000E+00
634,4.956997654417514E-01,0.000000000000000E+00
635,4.964816262705238E-01,0.000000000000000E+00
636,4.972634870992963E-01,0.000000000000000E+00
637,4.980453479280688E-01,0.000000000000000E+00
638,4.988272087568413E-01,0.000000000000000E+00
639,4.996090695856137E-01,0.000000000000000E+00
640,5.003909304143862E-01,0.000000000000000E+00
641,5.011727912431587E-01,0.000000000000000E+00
642,5.019546520719312E-01,0.000000000000000E+00
643,5.027365129007036E-01,0.000000000000000E+00
644,5.035183737294762E-01,0.000000000000000E+00
645,5.043002345582486E-01,0.000000000000000E+00
646,5.050820953870211E-01,0.000000000000000E+00
647,5.058639562157936E-01,0.000000000000000E+00
648,5.066458170445660E-01,0.000000000000000E+00
649,5.074276778733385E-01,0.000000000000000E+00
650,5.082095387021111E-01,0.000000000000000E+00
651,5.089913995308835E-01,0.000000000000000E+00
652,5.097732603596560E-01,0.000000000000000E+00
653,5.105551211884285E-01,0.000000000000000E+00
654,5.113369820172009E-01,0.000000000000000E+00
655,5.121188428459734E-01,0.000000000000000E+00
656,5.129007036747459E-01,0.000000000000000E+00
657,5.136825645035183E-01,0.000000000000000E+00
658,5.144644253322909E-01,0.000000000000000E+00
659,5.152462861610633E-01,0.000000000000000E+00
660,5.160281469898358E-01,0.000000000000000E+00
661,5.168100078186083E-01,0.000000000000000E+00
662,5.175918686473807E-01,0.000000000000000E+00
663,5.183737294761532E-01,0.000000000000000E+00
664,5.191555903049258E-01,0.000000000000000E+00
665,5.199374511336982E-01,0.000000000000000E+00
666,5.207193119624707E-01,0.000000000000000E+00
667,5.215011727912432E-01,0.000000000000000E+00
668,5.222830336200156E-01,0.000000000000000E+00
669,5.230648944487881E-01,0.000000000000000E+00
670,5.238467552775606E-01,0.000000000000000E+00
671,5.246286161063330E-01,0.000000000000000E+00
672,5.254104769351056E-01,0.000000000000000E+00
673,5.261923377638780E-01,0.000000000000000E+00
674,5.269741985926505E-01,0.000000000000000E+00
675,5.277560594214230E-01,0.000000000000000E+00
676,5.285379202501954E-01,0.000000000000000E+00
677,5.293197810789679E-01,0.000000000000000E+00
678,5.301016419077405E-01,0.000000000000000E+00
679,5.308835027365129E-01,0.000000000000000E+00
680,5.316653635652854E-01,0.000000000000000E+00
681,5.324472243940579E-01,0.000000000000000E+00
682,5.332290852228303E-01,0.000000000000000E+00
683,5.340109460516028E-01,0.000000000000000E+00
684,5.347928068803753E-01,0.000000000000000E+00
685,5.355746677091477E-01,0.000000000000000E+00
686,5.363565285379203E-01,0.000000000000000E+00
687,5.371383893666927E-01,0.000000000000000E+00
688,5.379202501954652E-01,0.000000000000000E+00
689,5.387021110242377E-01,0.000000000000000E+00
690,5.394839718530101E-01,0.000000000000000E+00
691,5.402658326817826E-01,0.000000000000000E+00
692,5.410476935105551E-01,0.000000000000000E+00
693,5.418295543393276E-01,0.000000000000000E+00
694,5.426114151681001E-01,0.000000000000000E+00
695,5.433932759968726E-01,0.000000000000000E+00
696,5.441751368256450E-01,0.000000000000000E+00
697,5.449569976544175E-01,0.000000000000000E+00
698,5.457388584831900E-01,0.000000000000000E+00
699,5.465207193119624E-01,0.000000000000000E+00
700,5.473025801407350E-01,0.000000000000000E+00
701,5.480844409695074E-01,0.000000000000000E+00
702,5.488663017982799E-01,0.000000000000000E+00
703,5.496481626270524E-01,0.000000000000000E+00
704,5.504300234558248E-01,0.000000000000000E+00
705,5.512118842845973E-01,0.000000000000000E+00
706,5.519937451133698E-01,0.000000000000000E+00
707,5.527756059421423E-01,0.000000000000000E+00
708,5.535574667709148E-01,0.000000000000000E+00
709,5.543393275996873E-01,0.000000000000000E+00
710,5.551211884284597E-01,0.000000000000000E+00
711,5.559030492572322E-01,0.000000000000000E+00
712,5.566849100860047E-01,0.000000000000000E+00
713,5.574667709147771E-01,0.000000000000000E+00
714,5.582486317435497E-01,0.000000000000000E+00
715,5.590304925723221E-01,0.000000000000000E+00
716,5.598123534010946E-01,0.000000000000000E+00
717,5.605942142298671E-01,0.000000000000000E+00
718,5.613760750586395E-01,0.000000000000000E+00
719,5.621579358874120E-01,0.000000000000000E+00
720,5.629397967161845E-01,0.000000000000000E+00
721,5.637216575449570E-01,0.000000000000000E+00
722,5.645035183737295E-01,0.000000000000000E+00
723,5.652853792025020E-01,0.000000000000000E+00
724,5.660672400312744E-01,0.000000000000000E+00
725,5.668491008600469E-01,0.000000000000000E+00
726,5.676309616888194E-01,0.000000000000000E+00
727,5.684128225175918E-01,0.000000000000000E+00
728,5.691946833463644E-01,0.000000000000000E+00
729,5.699765441751368E-01,0.000000000000000E+00
730,5.707584050039093E-01,0.000000000000000E+00
731,5.715402658326818E-01,0.000000000000000E+00
732,5.723221266614542E-01,0.000000000000000E+00
733,5.731039874902267E-01,0.000000000000000E+00
734,5.738858483189992E-01,0.000000000000000E+00
735,5.746677091477717E-01,0.000000000000000E+00
736,5.754495699765442E-01,0.000000000000000E+00
737,5.762314308053167E-01,0.000000000000000E+00
738,5.770132916340891E-01,0.000000000000000E+00
739,5.777951524628616E-01,0.000000000000000E+00
740,5.785770132916341E-01,0.000000000000000E+00
741,5.793588741204065E-01,0.000000000000000E+00
742,5.801407349491791E-01,0.000000000000000E+00
743,5.809225957779515E-01,0.000000000000000E+00
744,5.817044566067240E-01,0.000000000000000E+00
745,5.824863174354965E-01,0.000000000000000E+00
746,5.832681782642689E-01,0.000000000000000E+00
747,5.840500390930414E-01,0.000000000000000E+00
748,5.848318999218139E-01,0.000000000000000E+00
749,5.856137607505864E-01,0.000000000000000E+00
750,5.863956215793589E-01,0.000000000000000E+00
751,5.871774824081314E-01,0.000000000000000E+00
752,5.879593432369038E-01,0.000000000000000E+00
753,5.887412040656763E-01,0.000000000000000E+00
754,5.895230648944488E-01,0.000000000000000E+00
755,5.903049257232212E-01,0.000000000000000E+00
756,5.910867865519938E-01,0.000000000000000E+00
757,5.918686473807662E-01,0.000000000000000E+00
758,5.926505082095387E-01,0.000000000000000E+00
759,5.934323690383112E-01,0.000000000000000E+00
760,5.942142298670836E-01,0.000000000000000E+00
761,5.949960906958561E-01,0.000000000000000E+00
762,5.957779515246286E-01,0.000000000000000E+00
763,5.965598123534011E-01,0.000000000000000E+00
764,5.973416731821736E-01,0.000000000000000E+00
765,5.981235340109461E-01,0.000000000000000E+00
766,5.989053948397185E-01,0.000000000000000E+00
767,5.996872556684910E-01,0.000000000000000E+00
768,6.004691164972635E-01,0.000000000000000E+00
769,6.012509773260359E-01,0.000000000000000E+00
770,6.020328381548085E-01,0.000000000000000E+00
771,6.028146989835809E-01,0.000000000000000E+00
772,6.035965598123534E-01,0.000000000000000E+00
773,6.043784206411259E-01,0.000000000000000E+00
774,6.051602814698983E-01,0.000000000000000E+00
775,6.059421422986708E-01,0.000000000000000E+00
776,6.067240031274433E-01,0.000000000000000E+00
777,6.075058639562158E-01,0.000000000000000E+00
778,6.082877247849883E-01,0.000000000000000E+00
779,6.090695856137608E-01,0.000000000000000E+00
780,6.098514464425332E-01,0.000000000000000E+00
781,6.106333072713057E-01,0.000000000000000E+00
782,6.114151681000781E-01,0.000000000000000E+00
783,6.121970289288506E-01,0.000000000000000E+00
784,6.129788897576232E-01,0.000000000000000E+00
785,6.137607505863956E-01,0.000000000000000E+00
786,6.145426114151681E-01,0.000000000000000E+00
787,6.153244722439406E-01,0.000000000000000E+00
788,6.161063330727130E-01,0.000000000000000E+00
789,6.168881939014855E-01,0.000000000000000E+00
790,6.176700547302580E-01,0.000000000000000E+00
791,6.184519155590305E-01,0.000000000000000E+00
792,6.192337763878030E-01,0.000000000000000E+00
793,6.200156372165755E-01,0.000000000000000E+00
794,6.207974980453479E-01,0.000000000000000E+00
795,6.215793588741204E-01,0.000000000000000E+00
796,6.223612197028928E-01,0.000000000000000E+00
797,6.231430805316653E-01,0.000000000000000E+00
798,6.239249413604379E-01,0.000000000000000E+00
799,6.247068021892103E-01,0.000000000000000E+00
800,6.254886630179828E-01,0.000000000000000E+00
801,6.262705238467553E-01,0.000000000000000E+00
802,6.270523846755277E-01,0.000000000000000E+00
803,6.278342455043002E-01,0.000000000000000E+00
804,6.286161063330727E-01,0.000000000000000E+00
805,6.293979671618452E-01,0.000000000000000E+00
806,6.301798279906177E-01,0.000000000000000E+00
807,6.309616888193902E-01,0.000000000000000E+00
808,6.317435496481626E-01,0.000000000000000E+00
809,6.325254104769351E-01,0.000000000000000E+00
810,6.333072713057075E-01,0.000000000000000E+00
811,6.340891321344800E-01,0.000000000000000E+00
812,6.348709929632526E-01,0.000000000000000E+00
813,6.356528537920250E-01,0.000000000000000E+00
814,6.364347146207975E-01,0.000000000000000E+00
815,6.372165754495700E-01,0.000000000000000E+00
816,6.379984362783424E-01,0.000000000000000E+00
817,6.387802971071149E-01,0.000000000000000E+00
818,6.395621579358874E-01,0.000000000000000E+00
819,6.403440187646599E-01,0.000000000000000E+00
820,6.411258795934324E-01,0.000000000000000E+00
821,6.419077404222049E-01,0.000000000000000E+00
822,6.426896012509773E-01,0.000000000000000E+00
823,6.434714620797498E-01,0.000000000000000E+00
824,6.442533229085222E-01,0.000000000000000E+00
825,6.450351837372947E-01,0.000000000000000E+00
826,6.458170445660673E-01,0.000000000000000E+00
827,6.465989053948397E-01,0.000000000000000E+00
828,6.473807662236122E-01,0.000000000000000E+00
829,6.481626270523847E-01,0.000000000000000E+00
830,6.489444878811571E-01,0.000000000000000E+00
831,6.497263487099296E-01,0.000000000000000E+00
832,6.505082095387021E-01,0.000000000000000E+00
833,6.512900703674745E-01,0.000000000000000E+00
834,6.520719311962471E-01,0.000000000000000E+00
835,6.528537920250196E-01,0.000000000000000E+00
836,6.536356528537920E-01,0.000000000000000E+00
837,6.544175136825645E-01,0.000000000000000E+00
838,6.551993745113369E-01,0.000000000000000E+00
839,6.559812353401094E-01,0.000000000000000E+00
840,6.567630961688820E-01,0.000000000000000E+00
841,6.575449569976544E-01,0.000000000000000E+00
842,6.583268178264269E-01,0.000000000000000E+00
843,6.591086786551994E-01,0.000000000000000E+00
844,6.598905394839718E-01,0.000000000000000E+00
845,6.606724003127443E-01,0.000000000000000E+00
846,6.614542611415168E-01,0.000000000000000E+00
847,6.622361219702892E-01,0.000000000000000E+00
848,6.630179827990618E-01,0.000000000000000E+00
849,6.637998436278343E-01,0.000000000000000E+00
850,6.645817044566067E-01,0.000000000000000E+00
851,6.653635652853792E-01,0.000000000000000E+00
852,6.661454261141516E-01,0.000000000000000E+00
853,6.669272869429241E-01,0.000000000000000E+00
854,6.677091477716967E-01,0.000000000000000E+00
855,6.684910086004691E-01,0.000000000000000E+00
856,6.692728694292416E-01,0.000000000000000E+00
857,6.700547302580141E-01,0.000000000000000E+00
858,6.708365910867865E-01,0.000000000000000E+00
859,6.716184519155590E-01,0.000000000000000E+00
860,6.724003127443315E-01,0.000000000000000E+00
861,6.731821735731039E-01,0.000000000000000E+00
862,6.739640344018765E-01,0.000000000000000E+00
863,6.747458952306490E-01,0.000000000000000E+00
864,6.755277560594214E-01,0.000000000000000E+00
865,6.763096168881939E-01,0.000000000000000E+00
866,6.770914777169663E-01,0.000000000000000E+00
867,6.778733385457388E-01,0.000000000000000E+00
868,6.786551993745114E-01,0.000000000000000E+00
869,6.794370602032838E-01,0.000000000000000E+00
870,6.802189210320563E-01,0.000000000000000E+00
871,6.810007818608288E-01,0.000000000000000E+00
872,6.817826426896012E-01,0.000000000000000E+00
873,6.825645035183737E-01,0.000000000000000E+00
874,6.833463643471462E-01,0.000000000000000E+00
875,6.841282251759186E-01,0.000000000000000E+00
876,6.849100860046912E-01,0.000000000000000E+00
877,6.856919468334637E-01,0.000000000000000E+00
878,6.864738076622361E-01,0.000000000000000E+00
879,6.872556684910086E-01,0.000000000000000E+00
880,6.880375293197810E-01,0.000000000000000E+00
881,6.888193901485535E-01,0.000000000000000E+00
882,6.896012509773261E-01,0.000000000000000E+00
883,6.903831118060985E-01,0.000000000000000E+00
884,6.911649726348710E-01,0.000000000000000E+00
885,6.919468334636435E-01,0.000000000000000E+00
886,6.927286942924159E-01,0.000000000000000E+00
887,6.935105551211884E-01,0.000000000000000E+00
888,6.942924159499609E-01,0.000000000000000E+00
889,6.950742767787333E-01,0.000000000000000E+00
890,6.958561376075059E-01,0.000000000000000E+00
891,6.966379984362784E-01,0.000000000000000E+00
892,6.974198592650508E-01,0.000000000000000E+00
893,6.982017200938233E-01,0.000000000000000E+00
894,6.989835809225957E-01,0.000000000000000E+00
895,6.997654417513682E-01,0.000000000000000E+00
896,7.005473025801408E-01,0.000000000000000E+00
897,7.013291634089132E-01,0.000000000000000E+00
898,7.021110242376857E-01,0.000000000000000E+00
899,7.028928850664582E-01,0.000000000000000E+00
900,7.036747458952306E-01,0.000000000000000E+00
901,7.044566067240031E-01,0.000000000000000E+00
902,7.052384675527756E-01,0.000000000000000E+00
903,7.060203283815480E-01,0.000000000000000E+00
904,7.068021892103206E-01,0.000000000000000E+00
905,7.075840500390931E-01,0.000000000000000E+00
906,7.083659108678655E-01,0.000000000000000E+00
907,7.091477716966380E-01,0.000000000000000E+00
908,7.099296325254104E-01,0.000000000000000E+00
909,7.107114933541829E-01,0.000000000000000E+00
910,7.114933541829555E-01,0.000000000000000E+00
911,7.122752150117279E-01,0.000000000000000E+00
912,7.130570758405004E-01,0.000000000000000E+00
913,7.138389366692729E-01,0.000000000000000E+00
914,7.146207974980453E-01,0.000000000000000E+00
915,7.154026583268178E-01,0.000000000000000E+00
916,7.161845191555903E-01,0.000000000000000E+00
917,7.169663799843627E-01,0.000000000000000E+00
918,7.177482408131353E-01,0.000000000000000E+00
919,7.185301016419078E-01,0.000000000000000E+00
920,7.193119624706802E-01,0.000000000000000E+00
921,7.200938232994527E-01,0.000000000000000E+00
922,7.208756841282251E-01,0.000000000000000E+00
923,7.216575449569976E-01,0.000000000000000E+00
924,7.224394057857702E-01,0.000000000000000E+00
925,7.232212666145426E-01,0.000000000000000E+00
926,7.240031274433151E-01,0.000000000000000E+00
927,7.247849882720876E-01,0.000000000000000E+00
928,7.255668491008600E-01,0.000000000000000E+00
929,7.263487099296325E-01,0.000000000000000E+00
930,7.271305707584050E-01,0.000000000000000E+00
931,7.279124315871774E-01,0.000000000000000E+00
932,7.286942924159500E-01,0.000000000000000E+00
933,7.294761532447225E-01,0.000000000000000E+00
934,7.302580140734949E-01,0.000000000000000E+00
935,7.310398749022674E-01,0.000000000000000E+00
936,7.318217357310398E-01,0.000000000000000E+00
937,7.326035965598123E-01,0.000000000000000E+00
938,7.333854573885848E-01,0.000000000000000E+00
939,7.341673182173573E-01,0.000000000000000E+00
940,7.349491790461298E-01,0.000000000000000E+00
941,7.357310398749023E-01,0.000000000000000E+00
942,7.365129007036747E-01,0.000000000000000E+00
943,7.372947615324472E-01,0.000000000000000E+00
944,7.380766223612197E-01,0.000000000000000E+00
945,7.388584831899921E-01,0.000000000000000E+00
946,7.396403440187647E-01,0.000000000000000E+00
947,7.404222048475372E-01,0.000000000000000E+00
948,7.412040656763096E-01,0.000000000000000E+00
949,7.419859265050821E-01,0.000000000000000E+00
950,7.427677873338545E-01,0.000000000000000E+00
951,7.435496481626270E-01,0.000000000000000E+00
952,7.443315089913995E-01,0.000000000000000E+00
953,7.451133698201720E-01,0.000000000000000E+00
954,7.458952306489445E-01,0.000000000000000E+00
955,7.466770914777170E-01,0.000000000000000E+00
956,7.474589523064894E-01,0.000000000000000E+00
957,7.482408131352619E-01,0.000000000000000E+00
958,7.490226739640344E-01,0.000000000000000E+00
959,7.498045347928068E-01,0.000000000000000E+00
960,7.505863956215794E-01,0.000000000000000E+00
961,7.513682564503519E-01,0.000000000000000E+00
962,7.521501172791243E-01,0.000000000000000E+00
963,7.529319781078968E-01,0.000000000000000E+00
964,7.537138389366692E-01,0.000000000000000E+00
965,7.544956997654417E-01,0.000000000000000E+00
966,7.552775605942142E-01,0.000000000000000E+00
967,7.560594214229867E-01,0.000000000000000E+00
968,7.568412822517592E-01,0.000000000000000E+00
969,7.576231430805317E-01,0.000000000000000E+00
970,7.584050039093041E-01,0.000000000000000E+00
971,7.591868647380766E-01,0.000000000000000E+00
972,7.599687255668491E-01,0.000000000000000E+00
973,7.607505863956215E-01,0.000000000000000E+00
974,7.615324472243941E-01,0.000000000000000E+00
975,7.623143080531666E-01,0.000000000000000E+00
976,7.630961688819390E-01,0.000000000000000E+00
977,7.638780297107115E-01,0.000000000000000E+00
978,7.646598905394839E-01,0.000000000000000E+00
979,7.654417513682564E-01,0.000000000000000E+00
980,7.662236121970289E-01,0.000000000000000E+00
981,7.670054730258014E-01,0.000000000000000E+00
982,7.677873338545739E-01,0.000000000000000E+00
983,7.685691946833464E-01,0.000000000000000E+00
984,7.693510555121188E-01,0.000000000000000E+00
985,7.701329163408913E-01,0.000000000000000E+00
986,7.709147771696638E-01,0.000000000000000E+00
987,7.716966379984362E-01,0.000000000000000E+00
988,7.724784988272088E-01,0.000000000000000E+00
989,7.732603596559813E-01,0.000000000000000E+00
990,7.740422204847537E-01,0.000000000000000E+00
991,7.748240813135262E-01,0.000000000000000E+00
992,7.756059421422986E-01,0.000000000000000E+00
993,7.763878029710711E-01,0.000000000000000E+00
994,7.771696637998436E-01,0.000000000000000E+00
995,7.779515246286161E-01,0.000000000000000E+00
996,7.787333854573886E-01,0.000000000000000E+00
997,7.795152462861611E-01,0.000000000000000E+00
998,7.802971071149335E-01,0.000000000000000E+00
999,7.810789679437060E-01,0.000000000000000E+00
1000,7.818608287724785E-01,0.000000000000000E+00
1001,7.826426896012509E-01,0.000000000000000E+00
1002,7.834245504300235E-01,0.000000000000000E+00
1003,7.842064112587960E-01,0.000000000000000E+00
1004,7.849882720875684E-01,0.000000000000000E+00
1005,7.857701329163409E-01,0.000000000000000E+00
1006,7.865519937451133E-01,0.000000000000000E+00
1007,7.873338545738858E-01,0.000000000000000E+00
1008,7.881157154026583E-01,0.000000000000000E+00
1009,7.888975762314308E-01,0.000000000000000E+00
1010,7.896794370602033E-01,0.000000000000000E+00
1011,7.904612978889758E-01,0.000000000000000E+00
1012,7.912431587177482E-01,0.000000000000000E+00
1013,7.920250195465207E-01,0.000000000000000E+00
1014,7.928068803752932E-01,0.000000000000000E+00
1015,7.935887412040656E-01,0.000000000000000E+00
1016,7.943706020328382E-01,0.000000000000000E+00
1017,7.951524628616107E-01,0.000000000000000E+00
1018,7.959343236903831E-01,0.000000000000000E+00
1019,7.967161845191556E-01,0.000000000000000E+00
1020,7.974980453479280E-01,0.000000000000000E+00
1021,7.982799061767005E-01,0.000000000000000E+00
1022,7.990617670054730E-01,0.000000000000000E+00
1023,7.998436278342455E-01,0.000000000000000E+00
1024,8.006254886630180E-01,0.000000000000000E+00
1025,8.014073494917905E-01,0.000000000000000E+00
1026,8.021892103205629E-01,0.000000000000000E+00
1027,8.029710711493354E-01,0.000000000000000E+00
1028,8.037529319781079E-01,0.000000000000000E+00
1029,8.045347928068803E-01,0.000000000000000E+00
1030,8.053166536356529E-01,0.000000000000000E+00
1031,8.060985144644253E-01,0.000000000000000E+00
1032,8.068803752931978E-01,0.000000000000000E+00
1033,8.076622361219703E-01,0.000000000000000E+00
1034,8.084440969507427E-01,0.000000000000000E+00
1035,8.092259577795152E-01,0.000000000000000E+00
1036,8.100078186082877E-01,0.000000000000000E+00
1037,8.107896794370602E-01,0.000000000000000E+00
1038,8.115715402658327E-01,0.000000000000000E+00
1039,8.123534010946052E-01,0.000000000000000E+00
1040,8.131352619233776E-01,0.000000000000000E+00
1041,8.139171227521501E-01,0.000000000000000E+00
1042,8.146989835809226E-01,0.000000000000000E+00
1043,8.154808444096950E-01,0.000000000000000E+00
1044,8.162627052384676E-01,0.000000000000000E+00
1045,8.170445660672400E-01,0.000000000000000E+00
1046,8.178264268960125E-01,0.000000000000000E+00
1047,8.186082877247850E-01,0.000000000000000E+00
1048,8.193901485535574E-01,0.000000000000000E+00
1049,8.201720093823299E-01,0.000000000000000E+00
1050,8.209538702111024E-01,0.000000000000000E+00
1051,8.217357310398749E-01,0.000000000000000E+00
1052,8.225175918686474E-01,0.000000000000000E+00
1053,8.232994526974199E-01,0.000000000000000E+00
1054,8.240813135261923E-01,0.000000000000000E+00
1055,8.248631743549648E-01,0.000000000000000E+00
1056,8.256450351837373E-01,0.000000000000000E+00
1057,8.264268960125097E-01,0.000000000000000E+00
1058,8.272087568412823E-01,0.000000000000000E+00
1059,8.279906176700547E-01,0.000000000000000E+00
1060,8.287724784988272E-01,0.000000000000000E+00
1061,8.295543393275997E-01,0.000000000000000E+00
1062,8.303362001563721E-01,0.000000000000000E+00
1063,8.311180609851446E-01,0.000000000000000E+00
1064,8.318999218139171E-01,0.000000000000000E+00
1065,8.326817826426895E-01,0.000000000000000E+00
1066,8.334636434714621E-01,0.000000000000000E+00
1067,8.342455043002346E-01,0.000000000000000E+00
1068,8.350273651290070E-01,0.000000000000000E+00
1069,8.358092259577795E-01,0.000000000000000E+00
1070,8.365910867865520E-01,0.000000000000000E+00
1071,8.373729476153244E-01,0.000000000000000E+00
1072,8.381548084440970E-01,0.000000000000000E+00
1073,8.389366692728694E-01,0.000000000000000E+00
1074,8.397185301016419E-01,0.000000000000000E+00
1075,8.405003909304144E-01,0.000000000000000E+00
1076,8.412822517591868E-01,0.000000000000000E+00
1077,8.420641125879593E-01,0.000000000000000E+00
1078,8.428459734167318E-01,0.000000000000000E+00
1079,8.436278342455042E-01,0.000000000000000E+00
1080,8.444096950742768E-01,0.000000000000000E+00
1081,8.451915559030493E-01,0.000000000000000E+00
1082,8.459734167318217E-01,0.000000000000000E+00
1083,8.467552775605942E-01,0.000000000000000E+00
1084,8.475371383893667E-01,0.000000000000000E+00
1085,8.483189992181391E-01,0.000000000000000E+00
1086,8.491008600469117E-01,0.000000000000000E+00
1087,8.498827208756841E-01,0.000000000000000E+00
1088,8.506645817044566E-01,0.000000000000000E+00
1089,8.514464425332291E-01,0.000000000000000E+00
1090,8.522283033620015E-01,0.000000000000000E+00
1091,8.530101641907740E-01,0.000000000000000E+00
1092,8.537920250195465E-01,0.000000000000000E+00
1093,8.545738858483189E-01,0.000000000000000E+00
1094,8.553557466770915E-01,0.000000000000000E+00
1095,8.561376075058640E-01,0.000000000000000E+00
1096,8.569194683346364E-01,0.000000000000000E+00
1097,8.577013291634089E-01,0.000000000000000E+00
1098,8.584831899921814E-01,0.000000000000000E+00
1099,8.592650508209538E-01,0.000000000000000E+00
1100,8.600469116497264E-01,0.000000000000000E+00
1101,8.608287724784988E-01,0.000000000000000E+00
1102,8.616106333072713E-01,0.000000000000000E+00
1103,8.623924941360438E-01,0.000000000000000E+00
1104,8.631743549648162E-01,0.000000000000000E+00
1105,8.639562157935887E-01,0.000000000000000E+00
1106,8.647380766223612E-01,0.000000000000000E+00
1107,8.655199374511336E-01,0.000000000000000E+00
1108,8.663017982799062E-01,0.000000000000000E+00
1109,8.670836591086787E-01,0.000000000000000E+00
1110,8.678655199374511E-01,0.000000000000000E+00
1111,8.686473807662236E-01,0.000000000000000E+00
1112,8.694292415949961E-01,0.000000000000000E+00
1113,8.702111024237685E-01,0.000000000000000E+00
1114,8.709929632525411E-01,0.000000000000000E+00
1115,8.717748240813135E-01,0.000000000000000E+00
1116,8.725566849100860E-01,0.000000000000000E+00
1117,8.733385457388585E-01,0.000000000000000E+00
1118,8.741204065676309E-01,0.000000000000000E+00
1119,8.749022673964034E-01,0.000000000000000E+00
1120,8.756841282251759E-01,0.000000000000000E+00
1121,8.764659890539483E-01,0.000000000000000E+00
1122,8.772478498827209E-01,0.000000000000000E+00
1123,8.780297107114934E-01,0.000000000000000E+00
1124,8.788115715402658E-01,0.000000000000000E+00
1125,8.795934323690383E-01,0.000000000000000E+00
1126,8.803752931978108E-01,0.000000000000000E+00
1127,8.811571540265832E-01,0.000000000000000E+00
1128,8.819390148553558E-01,0.000000000000000E+00
1129,8.827208756841282E-01,0.000000000000000E+00
1130,8.835027365129007E-01,0.000000000000000E+00
1131,8.842845973416732E-01,0.000000000000000E+00
1132,8.850664581704456E-01,0.000000000000000E+00
1133,8.858483189992181E-01,0.000000000000000E+00
1134,8.866301798279906E-01,0.000000000000000E+00
1135,8.874120406567630E-01,0.000000000000000E+00
1136,8.881939014855356E-01,0.000000000000000E+00
1137,8.889757623143081E-01,0.000000000000000E+00
1138,8.897576231430805E-01,0.000000000000000E+00
1139,8.905394839718530E-01,0.000000000000000E+00
1140,8.913213448006255E-01,0.000000000000000E+00
1141,8.921032056293979E-01,0.000000000000000E+00
1142,8.928850664581705E-01,0.000000000000000E+00
1143,8.936669272869429E-01,0.000000000000000E+00
1144,8.944487881157154E-01,0.000000000000000E+00
1145,8.952306489444879E-01,0.000000000000000E+00
1146,8.960125097732603E-01,0.000000000000000E+00
1147,8.967943706020328E-01,0.000000000000000E+00
1148,8.975762314308053E-01,0.000000000000000E+00
1149,8.983580922595777E-01,0.000000000000000E+00
1150,8.991399530883503E-01,0.000000000000000E+00
1151,8.999218139171228E-01,0.000000000000000E+00
1152,9.007036747458952E-01,0.000000000000000E+00
1153,9.014855355746677E-01,0.000000000000000E+00
1154,9.022673964034402E-01,0.000000000000000E+00
1155,9.030492572322126E-01,0.000000000000000E+00
1156,9.038311180609852E-01,0.000000000000000E+00
1157,9.046129788897576E-01,0.000000000000000E+00
1158,9.053948397185301E-01,0.000000000000000E+00
1159,9.061767005473026E-01,0.000000000000000E+00
1160,9.069585613760750E-01,0.000000000000000E+00
1161,9.077404222048475E-01,0.000000000000000E+00
1162,9.085222830336200E-01,0.000000000000000E+00
1163,9.093041438623924E-01,0.000000000000000E+00
1164,9.100860046911650E-01,0.000000000000000E+00
1165,9.108678655199375E-01,0.000000000000000E+00
1166,9.116497263487099E-01,0.000000000000000E+00
1167,9.124315871774824E-01,0.000000000000000E+00
1168,9.132134480062549E-01,0.000000000000000E+00
1169,9.139953088350273E-01,0.000000000000000E+00
1170,9.147771696637998E-01,0.000000000000000E+00
1171,9.155590304925723E-01,0.000000000000000E+00
1172,9.163408913213448E-01,0.000000000000000E+00
1173,9.171227521501173E-01,0.000000000000000E+00
1174,9.179046129788897E-01,0.000000000000000E+00
1175,9.186864738076622E-01,0.000000000000000E+00
1176,9.194683346364347E-01,0.000000000000000E+00
1177,9.202501954652071E-01,0.000000000000000E+00
1178,9.210320562939797E-01,0.000000000000000E+00
1179,9.218139171227522E-01,0.000000000000000E+00
1180,9.225957779515246E-01,0.000000000000000E+00
1181,9.233776387802971E-01,0.000000000000000E+00
1182,9.241594996090696E-01,0.000000000000000E+00
1183,9.249413604378420E-01,0.000000000000000E+00
1184,9.257232212666145E-01,0.000000000000000E+00
1185,9.265050820953870E-01,0.000000000000000E+00
1186,9.272869429241595E-01,0.000000000000000E+00
1187,9.280688037529320E-01,0.000000000000000E+00
1188,9.288506645817044E-01,0.000000000000000E+00
1189,9.296325254104769E-01,0.000000000000000E+00
1190,9.304143862392494E-01,0.000000000000000E+00
1191,9.311962470680218E-01,0.000000000000000E+00
1192,9.319781078967944E-01,0.000000000000000E+00
1193,9.327599687255669E-01,0.000000000000000E+00
1194,9.335418295543393E-01,0.000000000000000E+00
1195,9.343236903831118E-01,0.000000000000000E+00
1196,9.351055512118843E-01,0.000000000000000E+00
1197,9.358874120406567E-01,0.000000000000000E+00
1198,9.366692728694292E-01,0.000000000000000E+00
1199,9.374511336982017E-01,0.000000000000000E+00
1200,9.382329945269742E-01,0.000000000000000E+00
1201,9.390148553557467E-01,0.000000000000000E+00
1202,9.397967161845191E-01,0.000000000000000E+00
1203,9.405785770132916E-01,0.000000000000000E+00
1204,9.413604378420641E-01,0.000000000000000E+00
1205,9.421422986708365E-01,0.000000000000000E+00
1206,9.429241594996091E-01,0.000000000000000E+00
1207,9.437060203283816E-01,0.000000000000000E+00
1208,9.444878811571540E-01,0.000000000000000E+00
1209,9.452697419859265E-01,0.000000000000000E+00
1210,9.460516028146990E-01,0.000000000000000E+00
1211,9.468334636434714E-01,0.000000000000000E+00
1212,9.476153244722439E-01,0.000000000000000E+00
1213,9.483971853010164E-01,0.000000000000000E+00
1214,9.491790461297889E-01,0.000000000000000E+00
1215,9.499609069585614E-01,0.000000000000000E+00
1216,9.507427677873338E-01,0.000000000000000E+00
1217,9.515246286161063E-01,0.000000000000000E+00
1218,9.523064894448788E-01,0.000000000000000E+00
1219,9.530883502736512E-01,0.000000000000000E+00
1220,9.538702111024238E-01,0.000000000000000E+00
1221,9.546520719311963E-01,0.000000000000000E+00
1222,9.554339327599687E-01,0.000000000000000E+00
1223,9.562157935887412E-01,0.000000000000000E+00
1224,9.569976544175137E-01,0.000000000000000E+00
1225,9.577795152462861E-01,0.000000000000000E+00
1226,9.585613760750586E-01,0.000000000000000E+00
1227,9.593432369038311E-01,0.000000000000000E+00
1228,9.601250977326036E-01,0.000000000000000E+00
1229,9.609069585613761E-01,0.000000000000000E+00
1230,9.616888193901485E-01,0.000000000000000E+00
1231,9.624706802189210E-01,0.000000000000000E+00
1232,9.632525410476935E-01,0.000000000000000E+00
1233,9.640344018764659E-01,0.000000000000000E+00
1234,9.648162627052385E-01,0.000000000000000E+00
1235,9.655981235340110E-01,0.000000000000000E+00
1236,9.663799843627834E-01,0.000000000000000E+00
1237,9.671618451915559E-01,0.000000000000000E+00
1238,9.679437060203284E-01,0.000000000000000E+00
1239,9.687255668491008E-01,0.000000000000000E+00
1240,9.695074276778733E-01,0.000000000000000E+00
1241,9.702892885066458E-01,0.000000000000000E+00
1242,9.710711493354183E-01,0.000000000000000E+00
1243,9.718530101641908E-01,0.000000000000000E+00
1244,9.726348709929632E-01,0.000000000000000E+00
1245,9.734167318217357E-01,0.000000000000000E+00
1246,9.741985926505082E-01,0.000000000000000E+00
1247,9.749804534792806E-01,0.000000000000000E+00
1248,9.757623143080532E-01,0.000000000000000E+00
1249,9.765441751368257E-01,0.000000000000000E+00
1250,9.773260359655981E-01,0.000000000000000E+00
1251,9.781078967943706E-01,0.000000000000000E+00
1252,9.788897576231431E-01,0.000000000000000E+00
1253,9.796716184519155E-01,0.000000000000000E+00
1254,9.804534792806880E-01,0.000000000000000E+00
1255,9.812353401094605E-01,0.000000000000000E+00
1256,9.820172009382330E-01,0.000000000000000E+00
1257,9.827990617670055E-01,0.000000000000000E+00
1258,9.835809225957779E-01,0.000000000000000E+00
1259,9.843627834245504E-01,0.000000000000000E+00
1260,9.851446442533229E-01,0.000000000000000E+00
1261,9.859265050820953E-01,0.000000000000000E+00
1262,9.867083659108679E-01,0.000000000000000E+00
1263,9.874902267396404E-01,0.000000000000000E+00
1264,9.882720875684128E-01,0.000000000000000E+00
1265,9.890539483971853E-01,0.000000000000000E+00
1266,9.898358092259578E-01,0.000000000000000E+00
1267,9.906176700547302E-01,0.000000000000000E+00
1268,9.913995308835027E-01,0.000000000000000E+00
1269,9.921813917122752E-01,0.000000000000000E+00
1270,9.929632525410477E-01,0.000000000000000E+00
1271,9.937451133698202E-01,0.000000000000000E+00
1272,9.945269741985926E-01,0.000000000000000E+00
1273,9.953088350273651E-01,0.000000000000000E+00
1274,9.960906958561376E-01,0.000000000000000E+00
1275,9.968725566849100E-01,0.000000000000000E+00
1276,9.976544175136826E-01,0.000000000000000E+00
1277,9.984362783424551E-01,0.000000000000000E+00
1278,9.992181391712275E-01,0.000000000000000E+00
1279,1.000000000000000E+00,0.000000000000000E+00
