0,1.000000000000000E+00,-0.000000000000000E+00
1,1.003127443315090E+00,1.468010968070772E-06
2,1.006254886630180E+00,6.668895807873800E-06
3,1.009382329945270E+00,1.686966069696450E-05
4,1.012509773260360E+00,3.287808817299121E-05
5,1.015637216575449E+00,5.530234295947623E-05
6,1.018764659890540E+00,8.463208293444158E-05
7,1.021892103205629E+00,1.212766739420036E-04
8,1.025019546520719E+00,1.655866674429462E-04
9,1.028146989835809E+00,2.178672516438537E-04
10,1.031274433150899E+00,2.783873198898405E-04
11,1.034401876465989E+00,3.473859208751433E-04
12,1.037529319781079E+00,4.250770376283136E-04
13,1.040656763096169E+00,5.116532438788924E-04
14,1.043784206411259E+00,6.072885750950999E-04
15,1.046911649726349E+00,7.121408316697171E-04
16,1.050039093041439E+00,8.263534600596009E-04
17,1.053166536356529E+00,9.500571128732129E-04
18,1.056293979671618E+00,1.083370959825398E-03
19,1.059421422986708E+00,1.226403802007650E-03
20,1.062548866301798E+00,1.379255028521837E-03
21,1.065676309616888E+00,1.542015445082574E-03
22,1.068803752931978E+00,1.714767997396605E-03
23,1.071931196247068E+00,1.897588407145889E-03
24,1.075058639562158E+00,2.090545734687033E-03
25,1.078186082877248E+00,2.293702879769453E-03
26,1.081313526192338E+00,2.507117029420765E-03
27,1.084440969507428E+00,2.730840060474699E-03
28,1.087568412822518E+00,2.964918902903733E-03
29,1.090695856137607E+00,3.209395869077472E-03
30,1.093823299452698E+00,3.464308953234409E-03
31,1.096950742767787E+00,3.729692104780568E-03
32,1.100078186082877E+00,4.005575478481170E-03
33,1.103205629397967E+00,4.291985664162038E-03
34,1.106333072713057E+00,4.588945898165082E-03
35,1.109460516028147E+00,4.896476258495282E-03
36,1.112587959343237E+00,5.214593845336442E-03
37,1.115715402658327E+00,5.543312948397732E-03
38,1.118842845973417E+00,5.882645202368465E-03
39,1.121970289288507E+00,6.232599731602061E-03
40,1.125097732603596E+00,6.593183285018212E-03
41,1.128225175918687E+00,6.964400362097068E-03
42,1.131352619233776E+00,7.346253330740625E-03
43,1.134480062548866E+00,7.738742537691780E-03
44,1.137607505863956E+00,8.141866412128149E-03
45,1.140734949179046E+00,8.555621562981335E-03
46,1.143862392494136E+00,8.980002870478971E-03
47,1.146989835809226E+00,9.415003572353984E-03
48,1.150117279124316E+00,9.860615345125336E-03
49,1.153244722439406E+00,1.031682838081418E-02
50,1.156372165754496E+00,1.078363145942522E-02
51,1.159499609069586E+00,1.126101201749427E-02
52,1.162627052384676E+00,1.174895621297576E-02
53,1.165754495699765E+00,1.224744898671820E-02
54,1.168881939014855E+00,1.275647412075731E-02
55,1.172009382329945E+00,1.327601429363513E-02
56,1.175136825645035E+00,1.380605113293635E-02
57,1.178264268960125E+00,1.434656526521827E-02
58,1.181391712275215E+00,1.489753636349740E-02
59,1.184519155590305E+00,1.545894319244035E-02
60,1.187646598905395E+00,1.603076365139939E-02
61,1.190774042220485E+00,1.661297481541789E-02
62,1.193901485535575E+00,1.720555297432560E-02
63,1.197028928850665E+00,1.780847367003336E-02
64,1.200156372165754E+00,1.842171173212716E-02
65,1.203283815480845E+00,1.904524131185831E-02
66,1.206411258795934E+00,1.967903591461719E-02
67,1.209538702111024E+00,2.032306843097119E-02
68,1.212666145426114E+00,2.097731116634523E-02
69,1.215793588741204E+00,2.164173586941568E-02
70,1.218921032056294E+00,2.231631375928417E-02
71,1.222048475371384E+00,2.300101555149343E-02
72,1.225175918686474E+00,2.369581148294574E-02
73,1.228303362001564E+00,2.440067133577582E-02
74,1.231430805316654E+00,2.511556446023317E-02
75,1.234558248631743E+00,2.584045979661865E-02
76,1.237685691946834E+00,2.657532589632370E-02
77,1.240813135261923E+00,2.732013094201440E-02
78,1.243940578577013E+00,2.807484276699890E-02
79,1.247068021892103E+00,2.883942887381834E-02
80,1.250195465207193E+00,2.961385645209724E-02
81,1.253322908522283E+00,3.039809239568440E-02
82,1.256450351837373E+00,3.119210331911960E-02
83,1.259577795152463E+00,3.199585557345512E-02
84,1.262705238467553E+00,3.280931526145915E-02
85,1.265832681782643E+00,3.363244825223041E-02
86,1.268960125097732E+00,3.446522019524881E-02
87,1.272087568412823E+00,3.530759653388513E-02
88,1.275215011727912E+00,3.615954251839571E-02
89,1.278342455043002E+00,3.702102321842003E-02
90,1.281469898358092E+00,3.789200353500528E-02
91,1.284597341673182E+00,3.877244821217714E-02
92,1.287724784988272E+00,3.966232184807283E-02
93,1.290852228303362E+00,4.056158890565711E-02
94,1.293979671618452E+00,4.147021372303875E-02
95,1.297107114933542E+00,4.238816052339914E-02
96,1.300234558248632E+00,4.331539342455326E-02
97,1.303362001563722E+00,4.425187644815639E-02
98,1.306489444878812E+00,4.519757352856787E-02
99,1.309616888193901E+00,4.615244852138826E-02
100,1.312744331508991E+00,4.711646521168279E-02
101,1.315871774824081E+00,4.808958732189921E-02
102,1.318999218139171E+00,4.907177851949779E-02
103,1.322126661454261E+00,5.006300242429823E-02
104,1.325254104769351E+00,5.106322261555843E-02
105,1.328381548084441E+00,5.207240263879478E-02
106,1.331508991399531E+00,5.309050601235001E-02
107,1.334636434714621E+00,5.411749623372281E-02
108,1.337763878029711E+00,5.515333678566571E-02
109,1.340891321344801E+00,5.619799114205815E-02
110,1.344018764659890E+00,5.725142277356553E-02
111,1.347146207974981E+00,5.831359515309204E-02
112,1.350273651290070E+00,5.938447176103225E-02
113,1.353401094605160E+00,6.046401609032941E-02
114,1.356528537920250E+00,6.155219165135118E-02
115,1.359655981235340E+00,6.264896197658201E-02
116,1.362783424550430E+00,6.375429062514708E-02
117,1.365910867865520E+00,6.486814118716537E-02
118,1.369038311180610E+00,6.599047728794384E-02
119,1.372165754495700E+00,6.712126259201795E-02
120,1.375293197810790E+00,6.826046080703831E-02
121,1.378420641125880E+00,6.940803568751511E-02
122,1.381548084440970E+00,7.056395103842363E-02
123,1.384675527756059E+00,7.172817071867202E-02
124,1.387802971071149E+00,7.290065864444016E-02
125,1.390930414386239E+00,7.408137879239356E-02
126,1.394057857701329E+00,7.527029520277377E-02
127,1.397185301016419E+00,7.646737198237126E-02
128,1.400312744331509E+00,7.767257330738658E-02
129,1.403440187646599E+00,7.888586342617913E-02
130,1.406567630961689E+00,8.010720666191211E-02
131,1.409695074276779E+00,8.133656741509263E-02
132,1.412822517591869E+00,8.257391016601347E-02
133,1.415949960906959E+00,8.381919947710065E-02
134,1.419077404222048E+00,8.507239999516426E-02
135,1.422204847537138E+00,8.633347645356279E-02
136,1.425332290852228E+00,8.760239367428045E-02
137,1.428459734167318E+00,8.887911656991819E-02
138,1.431587177482408E+00,9.016361014560526E-02
139,1.434714620797498E+00,9.145583950083241E-02
140,1.437842064112588E+00,9.275576983120853E-02
141,1.440969507427678E+00,9.406336643014200E-02
142,1.444096950742768E+00,9.537859469045487E-02
143,1.447224394057858E+00,9.670142010592268E-02
144,1.450351837372948E+00,9.803180827275428E-02
145,1.453479280688037E+00,9.936972489099938E-02
146,1.456606724003128E+00,1.007151357658999E-01
147,1.459734167318217E+00,1.020680068091785E-01
148,1.462861610633307E+00,1.034283040402673E-01
149,1.465989053948397E+00,1.047959935874813E-01
150,1.469116497263487E+00,1.061710416891382E-01
151,1.472243940578577E+00,1.075534146946218E-01
152,1.475371383893667E+00,1.089430790653958E-01
153,1.478498827208757E+00,1.103400013759690E-01
154,1.481626270523847E+00,1.117441483148104E-01
155,1.484753713838937E+00,1.131554866852164E-01
156,1.487881157154026E+00,1.145739834061371E-01
157,1.491008600469117E+00,1.159996055129540E-01
158,1.494136043784206E+00,1.174323201582191E-01
159,1.497263487099296E+00,1.188720946123502E-01
160,1.500390930414386E+00,1.203188962642867E-01
161,1.503518373729476E+00,1.217726926221099E-01
162,1.506645817044566E+00,1.232334513136215E-01
163,1.509773260359656E+00,1.247011400868889E-01
164,1.512900703674746E+00,1.261757268107554E-01
165,1.516028146989836E+00,1.276571794753153E-01
166,1.519155590304926E+00,1.291454661923553E-01
167,1.522283033620015E+00,1.306405551957695E-01
168,1.525410476935106E+00,1.321424148419344E-01
169,1.528537920250195E+00,1.336510136100645E-01
170,1.531665363565285E+00,1.351663201025305E-01
171,1.534792806880375E+00,1.366883030451532E-01
172,1.537920250195465E+00,1.382169312874729E-01
173,1.541047693510555E+00,1.397521738029869E-01
174,1.544175136825645E+00,1.412939996893643E-01
175,1.547302580140735E+00,1.428423781686401E-01
176,1.550430023455825E+00,1.443972785873780E-01
177,1.553557466770915E+00,1.459586704168149E-01
178,1.556684910086005E+00,1.475265232529854E-01
179,1.559812353401095E+00,1.491008068168173E-01
180,1.562939796716185E+00,1.506814909542127E-01
181,1.566067240031274E+00,1.522685456361083E-01
182,1.569194683346364E+00,1.538619409585099E-01
183,1.572322126661454E+00,1.554616471425189E-01
184,1.575449569976544E+00,1.570676345343297E-01
185,1.578577013291634E+00,1.586798736052148E-01
186,1.581704456606724E+00,1.602983349514943E-01
187,1.584831899921814E+00,1.619229892944836E-01
188,1.587959343236904E+00,1.635538074804289E-01
189,1.591086786551994E+00,1.651907604804278E-01
190,1.594214229867084E+00,1.668338193903316E-01
191,1.597341673182174E+00,1.684829554306341E-01
192,1.600469116497264E+00,1.701381399463506E-01
193,1.603596559812353E+00,1.717993444068766E-01
194,1.606724003127443E+00,1.734665404058377E-01
195,1.609851446442533E+00,1.751396996609280E-01
196,1.612978889757623E+00,1.768187940137293E-01
197,1.616106333072713E+00,1.785037954295298E-01
198,1.619233776387803E+00,1.801946759971195E-01
199,1.622361219702893E+00,1.818914079285823E-01
200,1.625488663017983E+00,1.835939635590773E-01
201,1.628616106333073E+00,1.853023153466039E-01
202,1.631743549648163E+00,1.870164358717627E-01
203,1.634870992963253E+00,1.887362978375069E-01
204,1.637998436278342E+00,1.904618740688793E-01
205,1.641125879593432E+00,1.921931375127460E-01
206,1.644253322908522E+00,1.939300612375203E-01
207,1.647380766223612E+00,1.956726184328729E-01
208,1.650508209538702E+00,1.974207824094446E-01
209,1.653635652853792E+00,1.991745265985420E-01
210,1.656763096168882E+00,2.009338245518271E-01
211,1.659890539483972E+00,2.026986499410086E-01
212,1.663017982799062E+00,2.044689765575129E-01
213,1.666145426114152E+00,2.062447783121587E-01
214,1.669272869429242E+00,2.080260292348220E-01
215,1.672400312744331E+00,2.098127034740942E-01
216,1.675527756059422E+00,2.116047752969334E-01
217,1.678655199374511E+00,2.134022190883169E-01
218,1.681782642689601E+00,2.152050093508782E-01
219,1.684910086004691E+00,2.170131207045443E-01
220,1.688037529319781E+00,2.188265278861731E-01
221,1.691164972634871E+00,2.206452057491721E-01
222,1.694292415949961E+00,2.224691292631292E-01
223,1.697419859265051E+00,2.242982735134269E-01
224,1.700547302580141E+00,2.261326137008554E-01
225,1.703674745895231E+00,2.279721251412263E-01
226,1.706802189210320E+00,2.298167832649774E-01
227,1.709929632525411E+00,2.316665636167734E-01
228,1.713057075840500E+00,2.335214418551109E-01
229,1.716184519155590E+00,2.353813937519091E-01
230,1.719311962470680E+00,2.372463951921035E-01
231,1.722439405785770E+00,2.391164221732400E-01
232,1.725566849100860E+00,2.409914508050579E-01
233,1.728694292415950E+00,2.428714573090741E-01
234,1.731821735731040E+00,2.447564180181712E-01
235,1.734949179046130E+00,2.466463093761670E-01
236,1.738076622361220E+00,2.485411079374033E-01
237,1.741204065676309E+00,2.504407903663120E-01
238,1.744331508991400E+00,2.523453334369909E-01
239,1.747458952306489E+00,2.542547140327794E-01
240,1.750586395621579E+00,2.561689091458222E-01
241,1.753713838936669E+00,2.580878958766378E-01
242,1.756841282251759E+00,2.600116514336907E-01
243,1.759968725566849E+00,2.619401531329489E-01
244,1.763096168881939E+00,2.638733783974510E-01
245,1.766223612197029E+00,2.658113047568692E-01
246,1.769351055512119E+00,2.677539098470708E-01
247,1.772478498827209E+00,2.697011714096741E-01
248,1.775605942142298E+00,2.716530672916155E-01
249,1.778733385457389E+00,2.736095754446967E-01
250,1.781860828772479E+00,2.755706739251564E-01
251,1.784988272087568E+00,2.775363408932153E-01
252,1.788115715402658E+00,2.795065546126381E-01
253,1.791243158717748E+00,2.814812934502891E-01
254,1.794370602032838E+00,2.834605358756870E-01
255,1.797498045347928E+00,2.854442604605597E-01
256,1.800625488663018E+00,2.874324458783998E-01
257,1.803752931978108E+00,2.894250709040197E-01
258,1.806880375293198E+00,2.914221144131033E-01
259,1.810007818608288E+00,2.934235553817664E-01
260,1.813135261923378E+00,2.954293728861037E-01
261,1.816262705238468E+00,2.974395461017479E-01
262,1.819390148553557E+00,2.994540543034256E-01
263,1.822517591868647E+00,3.014728768645054E-01
264,1.825645035183737E+00,3.034959932565609E-01
265,1.828772478498827E+00,3.055233830489220E-01
266,1.831899921813917E+00,3.075550259082288E-01
267,1.835027365129007E+00,3.095909015979917E-01
268,1.838154808444097E+00,3.116309899781463E-01
269,1.841282251759187E+00,3.136752710046062E-01
270,1.844409695074277E+00,3.157237247288301E-01
271,1.847537138389367E+00,3.177763312973690E-01
272,1.850664581704457E+00,3.198330709514319E-01
273,1.853792025019547E+00,3.218939240264452E-01
274,1.856919468334636E+00,3.239588709516066E-01
275,1.860046911649726E+00,3.260278922494536E-01
276,1.863174354964816E+00,3.281009685354216E-01
277,1.866301798279906E+00,3.301780805174028E-01
278,1.869429241594996E+00,3.322592089953189E-01
279,1.872556684910086E+00,3.343443348606776E-01
280,1.875684128225176E+00,3.364334390961362E-01
281,1.878811571540266E+00,3.385265027750768E-01
282,1.881939014855356E+00,3.406235070611660E-01
283,1.885066458170446E+00,3.427244332079238E-01
284,1.888193901485536E+00,3.448292625582976E-01
285,1.891321344800625E+00,3.469379765442258E-01
286,1.894448788115715E+00,3.490505566862139E-01
287,1.897576231430805E+00,3.511669845929078E-01
288,1.900703674745895E+00,3.532872419606626E-01
289,1.903831118060985E+00,3.554113105731206E-01
290,1.906958561376075E+00,3.575391723007912E-01
291,1.910086004691165E+00,3.596708091006192E-01
292,1.913213448006255E+00,3.618062030155729E-01
293,1.916340891321345E+00,3.639453361742200E-01
294,1.919468334636435E+00,3.660881907903042E-01
295,1.922595777951525E+00,3.682347491623367E-01
296,1.925723221266614E+00,3.703849936731753E-01
297,1.928850664581705E+00,3.725389067896072E-01
298,1.931978107896794E+00,3.746964710619433E-01
299,1.935105551211884E+00,3.768576691235971E-01
300,1.938232994526974E+00,3.790224836906789E-01
301,1.941360437842064E+00,3.811908975615906E-01
302,1.944487881157154E+00,3.833628936166086E-01
303,1.947615324472244E+00,3.855384548174845E-01
304,1.950742767787334E+00,3.877175642070406E-01
305,1.953870211102424E+00,3.899002049087594E-01
306,1.956997654417514E+00,3.920863601263914E-01
307,1.960125097732603E+00,3.942760131435505E-01
308,1.963252541047694E+00,3.964691473233091E-01
309,1.966379984362783E+00,3.986657461078128E-01
310,1.969507427677873E+00,4.008657930178767E-01
311,1.972634870992963E+00,4.030692716525893E-01
312,1.975762314308053E+00,4.052761656889294E-01
313,1.978889757623143E+00,4.074864588813654E-01
314,1.982017200938233E+00,4.097001350614674E-01
315,1.985144644253323E+00,4.119171781375270E-01
316,1.988272087568413E+00,4.141375720941615E-01
317,1.991399530883503E+00,4.163613009919293E-01
318,1.994526974198592E+00,4.185883489669591E-01
319,1.997654417513683E+00,4.208187002305489E-01
320,2.000781860828773E+00,4.230523390688053E-01
321,2.003909304143862E+00,4.252892498422521E-01
322,2.007036747458952E+00,4.275294169854545E-01
323,2.010164190774042E+00,4.297728250066516E-01
324,2.013291634089132E+00,4.320194584873803E-01
325,2.016419077404222E+00,4.342693020820927E-01
326,2.019546520719312E+00,4.365223405178028E-01
327,2.022673964034402E+00,4.387785585937070E-01
328,2.025801407349492E+00,4.410379411808157E-01
329,2.028928850664582E+00,4.433004732215958E-01
330,2.032056293979672E+00,4.455661397296045E-01
331,2.035183737294761E+00,4.478349257891209E-01
332,2.038311180609852E+00,4.501068165547886E-01
333,2.041438623924941E+00,4.523817972512701E-01
334,2.044566067240031E+00,4.546598531728655E-01
335,2.047693510555121E+00,4.569409696831715E-01
336,2.050820953870211E+00,4.592251322147330E-01
337,2.053948397185301E+00,4.615123262686753E-01
338,2.057075840500391E+00,4.638025374143638E-01
339,2.060203283815481E+00,4.660957512890521E-01
340,2.063330727130571E+00,4.683919535975414E-01
341,2.066458170445661E+00,4.706911301118179E-01
342,2.069585613760751E+00,4.729932666707257E-01
343,2.072713057075840E+00,4.752983491796230E-01
344,2.075840500390930E+00,4.776063636100239E-01
345,2.078967943706020E+00,4.799172959992816E-01
346,2.082095387021110E+00,4.822311324502421E-01
347,2.085222830336200E+00,4.845478591309004E-01
348,2.088350273651290E+00,4.868674622740767E-01
349,2.091477716966380E+00,4.891899281770851E-01
350,2.094605160281470E+00,4.915152432013880E-01
351,2.097732603596560E+00,4.938433937722858E-01
352,2.100860046911650E+00,4.961743663785765E-01
353,2.103987490226740E+00,4.985081475722317E-01
354,2.107114933541830E+00,5.008447239680748E-01
355,2.110242376856919E+00,5.031840822434599E-01
356,2.113369820172009E+00,5.055262091379418E-01
357,2.116497263487100E+00,5.078710914529647E-01
358,2.119624706802189E+00,5.102187160515469E-01
359,2.122752150117279E+00,5.125690698579489E-01
360,2.125879593432369E+00,5.149221398573712E-01
361,2.129007036747459E+00,5.172779130956471E-01
362,2.132134480062549E+00,5.196363766789119E-01
363,2.135261923377639E+00,5.219975177733043E-01
364,2.138389366692729E+00,5.243613236046648E-01
365,2.141516810007818E+00,5.267277814582118E-01
366,2.144644253322908E+00,5.290968786782456E-01
367,2.147771696637998E+00,5.314686026678496E-01
368,2.150899139953088E+00,5.338429408885786E-01
369,2.154026583268178E+00,5.362198808601624E-01
370,2.157154026583268E+00,5.385994101602044E-01
371,2.160281469898358E+00,5.409815164238904E-01
372,2.163408913213448E+00,5.433661873436810E-01
373,2.166536356528538E+00,5.457534106690298E-01
374,2.169663799843628E+00,5.481431742060818E-01
375,2.172791243158718E+00,5.505354658173833E-01
376,2.175918686473808E+00,5.529302734215932E-01
377,2.179046129788897E+00,5.553275849932002E-01
378,2.182173573103988E+00,5.577273885622208E-01
379,2.185301016419078E+00,5.601296722139291E-01
380,2.188428459734167E+00,5.625344240885675E-01
381,2.191555903049257E+00,5.649416323810584E-01
382,2.194683346364347E+00,5.673512853407318E-01
383,2.197810789679437E+00,5.697633712710464E-01
384,2.200938232994527E+00,5.721778785292991E-01
385,2.204065676309617E+00,5.745947955263623E-01
386,2.207193119624707E+00,5.770141107264044E-01
387,2.210320562939796E+00,5.794358126466121E-01
388,2.213448006254887E+00,5.818598898569176E-01
389,2.216575449569977E+00,5.842863309797454E-01
390,2.219702892885066E+00,5.867151246897158E-01
391,2.222830336200156E+00,5.891462597133944E-01
392,2.225957779515246E+00,5.915797248290240E-01
393,2.229085222830336E+00,5.940155088662563E-01
394,2.232212666145426E+00,5.964536007058885E-01
395,2.235340109460516E+00,5.988939892796011E-01
396,2.238467552775606E+00,6.013366635697034E-01
397,2.241594996090696E+00,6.037816126088624E-01
398,2.244722439405786E+00,6.062288254798539E-01
399,2.247849882720875E+00,6.086782913153060E-01
400,2.250977326035966E+00,6.111299992974347E-01
401,2.254104769351056E+00,6.135839386578005E-01
402,2.257232212666145E+00,6.160400986770571E-01
403,2.260359655981235E+00,6.184984686846837E-01
404,2.263487099296325E+00,6.209590380587549E-01
405,2.266614542611415E+00,6.234217962256862E-01
406,2.269741985926505E+00,6.258867326599750E-01
407,2.272869429241595E+00,6.283538368839712E-01
408,2.275996872556685E+00,6.308230984676326E-01
409,2.279124315871775E+00,6.332945070282608E-01
410,2.282251759186865E+00,6.357680522302845E-01
411,2.285379202501955E+00,6.382437237850126E-01
412,2.288506645817044E+00,6.407215114503801E-01
413,2.291634089132135E+00,6.432014050307255E-01
414,2.294761532447224E+00,6.456833943765580E-01
415,2.297888975762314E+00,6.481674693843047E-01
416,2.301016419077405E+00,6.506536199960893E-01
417,2.304143862392494E+00,6.531418361995024E-01
418,2.307271305707584E+00,6.556321080273583E-01
419,2.310398749022674E+00,6.581244255574696E-01
420,2.313526192337764E+00,6.606187789124229E-01
421,2.316653635652854E+00,6.631151582593533E-01
422,2.319781078967944E+00,6.656135538096994E-01
423,2.322908522283034E+00,6.681139558190016E-01
424,2.326035965598123E+00,6.706163545866690E-01
425,2.329163408913213E+00,6.731207404557454E-01
426,2.332290852228303E+00,6.756271038127075E-01
427,2.335418295543393E+00,6.781354350872337E-01
428,2.338545738858483E+00,6.806457247519822E-01
429,2.341673182173573E+00,6.831579633223778E-01
430,2.344800625488663E+00,6.856721413564058E-01
431,2.347928068803753E+00,6.881882494543674E-01
432,2.351055512118843E+00,6.907062782586975E-01
433,2.354182955433933E+00,6.932262184537367E-01
434,2.357310398749023E+00,6.957480607655107E-01
435,2.360437842064113E+00,6.982717959615378E-01
436,2.363565285379202E+00,7.007974148506134E-01
437,2.366692728694292E+00,7.033249082825862E-01
438,2.369820172009383E+00,7.058542671481742E-01
439,2.372947615324472E+00,7.083854823787485E-01
440,2.376075058639562E+00,7.109185449461179E-01
441,2.379202501954652E+00,7.134534458623386E-01
442,2.382329945269742E+00,7.159901761795172E-01
443,2.385457388584832E+00,7.185287269895843E-01
444,2.388584831899922E+00,7.210690894241140E-01
445,2.391712275215012E+00,7.236112546541299E-01
446,2.394839718530101E+00,7.261552138898786E-01
447,2.397967161845191E+00,7.287009583806586E-01
448,2.401094605160282E+00,7.312484794146161E-01
449,2.404222048475371E+00,7.337977683185503E-01
450,2.407349491790461E+00,7.363488164577118E-01
451,2.410476935105551E+00,7.389016152356199E-01
452,2.413604378420641E+00,7.414561560938721E-01
453,2.416731821735731E+00,7.440124305119358E-01
454,2.419859265050821E+00,7.465704300069796E-01
455,2.422986708365911E+00,7.491301461336759E-01
456,2.426114151681001E+00,7.516915704840081E-01
457,2.429241594996091E+00,7.542546946870894E-01
458,2.432369038311180E+00,7.568195104089839E-01
459,2.435496481626271E+00,7.593860093525007E-01
460,2.438623924941361E+00,7.619541832570359E-01
461,2.441751368256450E+00,7.645240238983747E-01
462,2.444878811571540E+00,7.670955230885117E-01
463,2.448006254886630E+00,7.696686726754701E-01
464,2.451133698201720E+00,7.722434645431334E-01
465,2.454261141516810E+00,7.748198906110432E-01
466,2.457388584831900E+00,7.773979428342448E-01
467,2.460516028146990E+00,7.799776132031042E-01
468,2.463643471462079E+00,7.825588937431185E-01
469,2.466770914777170E+00,7.851417765147581E-01
470,2.469898358092260E+00,7.877262536132937E-01
471,2.473025801407349E+00,7.903123171686064E-01
472,2.476153244722440E+00,7.928999593450274E-01
473,2.479280688037529E+00,7.954891723411789E-01
474,2.482408131352619E+00,7.980799483897750E-01
475,2.485535574667709E+00,8.006722797574761E-01
476,2.488663017982799E+00,8.032661587447125E-01
477,2.491790461297889E+00,8.058615776855251E-01
478,2.494917904612979E+00,8.084585289473797E-01
479,2.498045347928069E+00,8.110570049310253E-01
480,2.501172791243158E+00,8.136569980703183E-01
481,2.504300234558249E+00,8.162585008320500E-01
482,2.507427677873339E+00,8.188615057158010E-01
483,2.510555121188428E+00,8.214660052537764E-01
484,2.513682564503518E+00,8.240719920106292E-01
485,2.516810007818608E+00,8.266794585833196E-01
486,2.519937451133698E+00,8.292883976009475E-01
487,2.523064894448788E+00,8.318988017245907E-01
488,2.526192337763878E+00,8.345106636471559E-01
489,2.529319781078968E+00,8.371239760932183E-01
490,2.532447224394058E+00,8.397387318188613E-01
491,2.535574667709148E+00,8.423549236115274E-01
492,2.538702111024238E+00,8.449725442898711E-01
493,2.541829554339328E+00,8.475915867035828E-01
494,2.544956997654418E+00,8.502120437332645E-01
495,2.548084440969507E+00,8.528339082902641E-01
496,2.551211884284597E+00,8.554571733165193E-01
497,2.554339327599688E+00,8.580818317844149E-01
498,2.557466770914777E+00,8.607078766966482E-01
499,2.560594214229867E+00,8.633353010860477E-01
500,2.563721657544957E+00,8.659640980154496E-01
501,2.566849100860047E+00,8.685942605775623E-01
502,2.569976544175137E+00,8.712257818947837E-01
503,2.573103987490227E+00,8.738586551190841E-01
504,2.576231430805317E+00,8.764928734318601E-01
505,2.579358874120406E+00,8.791284300437859E-01
506,2.582486317435496E+00,8.817653181946652E-01
507,2.585613760750586E+00,8.844035311532991E-01
508,2.588741204065676E+00,8.870430622173467E-01
509,2.591868647380766E+00,8.896839047131725E-01
510,2.594996090695856E+00,8.923260519957186E-01
511,2.598123534010946E+00,8.949694974483624E-01
512,2.601250977326036E+00,8.976142344827730E-01
513,2.604378420641126E+00,9.002602565387826E-01
514,2.607505863956216E+00,9.029075570842527E-01
515,2.610633307271306E+00,9.055561296149216E-01
516,2.613760750586396E+00,9.082059676542845E-01
517,2.616888193901485E+00,9.108570647534618E-01
518,2.620015637216575E+00,9.135094144910451E-01
519,2.623143080531666E+00,9.161630104729911E-01
520,2.626270523846755E+00,9.188178463324740E-01
521,2.629397967161845E+00,9.214739157297495E-01
522,2.632525410476935E+00,9.241312123520367E-01
523,2.635652853792025E+00,9.267897299133907E-01
524,2.638780297107115E+00,9.294494621545527E-01
525,2.641907740422205E+00,9.321104028428381E-01
526,2.645035183737295E+00,9.347725457720153E-01
527,2.648162627052384E+00,9.374358847621591E-01
528,2.651290070367475E+00,9.401004136595291E-01
529,2.654417513682565E+00,9.427661263364679E-01
530,2.657544956997654E+00,9.454330166912387E-01
531,2.660672400312744E+00,9.481010786479225E-01
532,2.663799843627834E+00,9.507703061562977E-01
533,2.666927286942924E+00,9.534406931917107E-01
534,2.670054730258014E+00,9.561122337549389E-01
535,2.673182173573104E+00,9.587849218721037E-01
536,2.676309616888194E+00,9.614587515945187E-01
537,2.679437060203284E+00,9.641337169985786E-01
538,2.682564503518374E+00,9.668098121856404E-01
539,2.685691946833463E+00,9.694870312819175E-01
540,2.688819390148554E+00,9.721653684383287E-01
541,2.691946833463644E+00,9.748448178304109E-01
542,2.695074276778733E+00,9.775253736581988E-01
543,2.698201720093823E+00,9.802070301460837E-01
544,2.701329163408913E+00,9.828897815427252E-01
545,2.704456606724003E+00,9.855736221209286E-01
546,2.707584050039093E+00,9.882585461775173E-01
547,2.710711493354183E+00,9.909445480332331E-01
548,2.713838936669273E+00,9.936316220326236E-01
549,2.716966379984363E+00,9.963197625439145E-01
550,2.720093823299453E+00,9.990089639589119E-01
551,2.723221266614543E+00,1.001699220692888E+00
552,2.726348709929632E+00,1.004390527184462E+00
553,2.729476153244723E+00,1.007082877895501E+00
554,2.732603596559812E+00,1.009776267311001E+00
555,2.735731039874902E+00,1.012470689938984E+00
556,2.738858483189992E+00,1.015166140310378E+00
557,2.741985926505082E+00,1.017862612978934E+00
558,2.745113369820172E+00,1.020560102521092E+00
559,2.748240813135262E+00,1.023258603535877E+00
560,2.751368256450352E+00,1.025958110644815E+00
561,2.754495699765442E+00,1.028658618491806E+00
562,2.757623143080532E+00,1.031360121743018E+00
563,2.760750586395622E+00,1.034062615086797E+00
564,2.763878029710711E+00,1.036766093233557E+00
565,2.767005473025801E+00,1.039470550915668E+00
566,2.770132916340891E+00,1.042175982887364E+00
567,2.773260359655981E+00,1.044882383924633E+00
568,2.776387802971071E+00,1.047589748825119E+00
569,2.779515246286161E+00,1.050298072408023E+00
570,2.782642689601251E+00,1.053007349513999E+00
571,2.785770132916341E+00,1.055717575005044E+00
572,2.788897576231431E+00,1.058428743764423E+00
573,2.792025019546521E+00,1.061140850696550E+00
574,2.795152462861611E+00,1.063853890726885E+00
575,2.798279906176701E+00,1.066567858801859E+00
576,2.801407349491790E+00,1.069282749888752E+00
577,2.804534792806880E+00,1.071998558975607E+00
578,2.807662236121971E+00,1.074715281071137E+00
579,2.810789679437060E+00,1.077432911204633E+00
580,2.813917122752150E+00,1.080151444425838E+00
581,2.817044566067240E+00,1.082870875804888E+00
582,2.820172009382330E+00,1.085591200432207E+00
583,2.823299452697420E+00,1.088312413418403E+00
584,2.826426896012510E+00,1.091034509894170E+00
585,2.829554339327600E+00,1.093757485010234E+00
586,2.832681782642689E+00,1.096481333937207E+00
587,2.835809225957779E+00,1.099206051865528E+00
588,2.838936669272869E+00,1.101931634005359E+00
589,2.842064112587959E+00,1.104658075586511E+00
590,2.845191555903049E+00,1.107385371858326E+00
591,2.848318999218139E+00,1.110113518089602E+00
592,2.851446442533229E+00,1.112842509568523E+00
593,2.854573885848319E+00,1.115572341602519E+00
594,2.857701329163409E+00,1.118303009518222E+00
595,2.860828772478499E+00,1.121034508661373E+00
596,2.863956215793589E+00,1.123766834396712E+00
597,2.867083659108679E+00,1.126499982107898E+00
598,2.870211102423768E+00,1.129233947197447E+00
599,2.873338545738858E+00,1.131968725086602E+00
600,2.876465989053949E+00,1.134704311215286E+00
601,2.879593432369038E+00,1.137440701041999E+00
602,2.882720875684128E+00,1.140177890043729E+00
603,2.885848318999218E+00,1.142915873715880E+00
604,2.888975762314308E+00,1.145654647572175E+00
605,2.892103205629398E+00,1.148394207144587E+00
606,2.895230648944488E+00,1.151134547983227E+00
607,2.898358092259578E+00,1.153875665656311E+00
608,2.901485535574667E+00,1.156617555750021E+00
609,2.904612978889758E+00,1.159360213868456E+00
610,2.907740422204848E+00,1.162103635633557E+00
611,2.910867865519937E+00,1.164847816684996E+00
612,2.913995308835028E+00,1.167592752680117E+00
613,2.917122752150117E+00,1.170338439293855E+00
614,2.920250195465207E+00,1.173084872218648E+00
615,2.923377638780297E+00,1.175832047164355E+00
616,2.926505082095387E+00,1.178579959858190E+00
617,2.929632525410477E+00,1.181328606044636E+00
618,2.932759968725567E+00,1.184077981485361E+00
619,2.935887412040657E+00,1.186828081959153E+00
620,2.939014855355746E+00,1.189578903261831E+00
621,2.942142298670837E+00,1.192330441206170E+00
622,2.945269741985927E+00,1.195082691621826E+00
623,2.948397185301016E+00,1.197835650355273E+00
624,2.951524628616106E+00,1.200589313269699E+00
625,2.954652071931196E+00,1.203343676244944E+00
626,2.957779515246286E+00,1.206098735177447E+00
627,2.960906958561376E+00,1.208854485980130E+00
628,2.964034401876466E+00,1.211610924582349E+00
629,2.967161845191556E+00,1.214368046929824E+00
630,2.970289288506646E+00,1.217125848984550E+00
631,2.973416731821736E+00,1.219884326724727E+00
632,2.976544175136826E+00,1.222643476144706E+00
633,2.979671618451916E+00,1.225403293254881E+00
634,2.982799061767006E+00,1.228163774081648E+00
635,2.985926505082095E+00,1.230924914667328E+00
636,2.989053948397185E+00,1.233686711070079E+00
637,2.992181391712275E+00,1.236449159363840E+00
638,2.995308835027365E+00,1.239212255638270E+00
639,2.998436278342455E+00,1.241975995998635E+00
640,3.001563721657545E+00,1.244740376565795E+00
641,3.004691164972635E+00,1.247505393476090E+00
642,3.007818608287725E+00,1.250271042881296E+00
643,3.010946051602815E+00,1.253037320948557E+00
644,3.014073494917905E+00,1.255804223860274E+00
645,3.017200938232994E+00,1.258571747814112E+00
646,3.020328381548084E+00,1.261339889022854E+00
647,3.023455824863174E+00,1.264108643714403E+00
648,3.026583268178264E+00,1.266878008131648E+00
649,3.029710711493354E+00,1.269647978532463E+00
650,3.032838154808444E+00,1.272418551189583E+00
651,3.035965598123534E+00,1.275189722390583E+00
652,3.039093041438624E+00,1.277961488437775E+00
653,3.042220484753714E+00,1.280733845648170E+00
654,3.045347928068804E+00,1.283506790353415E+00
655,3.048475371383894E+00,1.286280318899691E+00
656,3.051602814698984E+00,1.289054427647692E+00
657,3.054730258014073E+00,1.291829112972540E+00
658,3.057857701329163E+00,1.294604371263715E+00
659,3.060985144644253E+00,1.297380198925016E+00
660,3.064112587959343E+00,1.300156592374470E+00
661,3.067240031274433E+00,1.302933548044283E+00
662,3.070367474589523E+00,1.305711062380787E+00
663,3.073494917904613E+00,1.308489131844351E+00
664,3.076622361219703E+00,1.311267752909353E+00
665,3.079749804534793E+00,1.314046922064080E+00
666,3.082877247849883E+00,1.316826635810708E+00
667,3.086004691164973E+00,1.319606890665211E+00
668,3.089132134480062E+00,1.322387683157303E+00
669,3.092259577795152E+00,1.325169009830394E+00
670,3.095387021110243E+00,1.327950867241519E+00
671,3.098514464425332E+00,1.330733251961282E+00
672,3.101641907740422E+00,1.333516160573776E+00
673,3.104769351055512E+00,1.336299589676577E+00
674,3.107896794370602E+00,1.339083535880612E+00
675,3.111024237685692E+00,1.341867995810164E+00
676,3.114151681000782E+00,1.344652966102781E+00
677,3.117279124315872E+00,1.347438443409230E+00
678,3.120406567630962E+00,1.350224424393417E+00
679,3.123534010946051E+00,1.353010905732380E+00
680,3.126661454261142E+00,1.355797884116163E+00
681,3.129788897576232E+00,1.358585356247822E+00
682,3.132916340891321E+00,1.361373318843336E+00
683,3.136043784206411E+00,1.364161768631542E+00
684,3.139171227521501E+00,1.366950702354110E+00
685,3.142298670836591E+00,1.369740116765471E+00
686,3.145426114151681E+00,1.372530008632757E+00
687,3.148553557466771E+00,1.375320374735748E+00
688,3.151681000781861E+00,1.378111211866819E+00
689,3.154808444096951E+00,1.380902516830896E+00
690,3.157935887412040E+00,1.383694286445391E+00
691,3.161063330727131E+00,1.386486517540129E+00
692,3.164190774042221E+00,1.389279206957335E+00
693,3.167318217357310E+00,1.392072351551560E+00
694,3.170445660672400E+00,1.394865948189602E+00
695,3.173573103987490E+00,1.397659993750521E+00
696,3.176700547302580E+00,1.400454485125501E+00
697,3.179827990617670E+00,1.403249419217860E+00
698,3.182955433932760E+00,1.406044792942979E+00
699,3.186082877247850E+00,1.408840603228249E+00
700,3.189210320562940E+00,1.411636847013005E+00
701,3.192337763878029E+00,1.414433521248514E+00
702,3.195465207193120E+00,1.417230622897875E+00
703,3.198592650508210E+00,1.420028148935994E+00
704,3.201720093823299E+00,1.422826096349554E+00
705,3.204847537138389E+00,1.425624462136916E+00
706,3.207974980453479E+00,1.428423243308102E+00
707,3.211102423768569E+00,1.431222436884750E+00
708,3.214229867083659E+00,1.434022039900023E+00
709,3.217357310398749E+00,1.436822049398617E+00
710,3.220484753713839E+00,1.439622462436676E+00
711,3.223612197028929E+00,1.442423276081737E+00
712,3.226739640344019E+00,1.445224487412703E+00
713,3.229867083659109E+00,1.448026093519791E+00
714,3.232994526974199E+00,1.450828091504477E+00
715,3.236121970289288E+00,1.453630478479437E+00
716,3.239249413604378E+00,1.456433251568526E+00
717,3.242376856919468E+00,1.459236407906713E+00
718,3.245504300234558E+00,1.462039944640031E+00
719,3.248631743549648E+00,1.464843858925543E+00
720,3.251759186864738E+00,1.467648147931287E+00
721,3.254886630179828E+00,1.470452808836222E+00
722,3.258014073494918E+00,1.473257838830206E+00
723,3.261141516810008E+00,1.476063235113910E+00
724,3.264268960125098E+00,1.478868994898828E+00
725,3.267396403440188E+00,1.481675115407156E+00
726,3.270523846755278E+00,1.484481593871839E+00
727,3.273651290070367E+00,1.487288427536444E+00
728,3.276778733385457E+00,1.490095613655143E+00
729,3.279906176700547E+00,1.492903149492701E+00
730,3.283033620015637E+00,1.495711032324374E+00
731,3.286161063330727E+00,1.498519259435909E+00
732,3.289288506645817E+00,1.501327828123487E+00
733,3.292415949960907E+00,1.504136735693657E+00
734,3.295543393275997E+00,1.506945979463324E+00
735,3.298670836591087E+00,1.509755556759705E+00
736,3.301798279906177E+00,1.512565464920247E+00
737,3.304925723221267E+00,1.515375701292630E+00
738,3.308053166536356E+00,1.518186263234700E+00
739,3.311180609851446E+00,1.520997148114426E+00
740,3.314308053166537E+00,1.523808353309862E+00
741,3.317435496481626E+00,1.526619876209110E+00
742,3.320562939796716E+00,1.529431714210271E+00
743,3.323690383111806E+00,1.532243864721395E+00
744,3.326817826426896E+00,1.535056325160469E+00
745,3.329945269741986E+00,1.537869092955334E+00
746,3.333072713057076E+00,1.540682165543681E+00
747,3.336200156372166E+00,1.543495540372981E+00
748,3.339327599687256E+00,1.546309214900475E+00
749,3.342455043002345E+00,1.549123186593094E+00
750,3.345582486317435E+00,1.551937452927445E+00
751,3.348709929632526E+00,1.554752011389782E+00
752,3.351837372947615E+00,1.557566859475933E+00
753,3.354964816262705E+00,1.560381994691279E+00
754,3.358092259577795E+00,1.563197414550709E+00
755,3.361219702892885E+00,1.566013116578597E+00
756,3.364347146207975E+00,1.568829098308729E+00
757,3.367474589523065E+00,1.571645357284293E+00
758,3.370602032838155E+00,1.574461891057836E+00
759,3.373729476153245E+00,1.577278697191209E+00
760,3.376856919468334E+00,1.580095773255551E+00
761,3.379984362783425E+00,1.582913116831218E+00
762,3.383111806098515E+00,1.585730725507785E+00
763,3.386239249413604E+00,1.588548596883983E+00
764,3.389366692728694E+00,1.591366728567655E+00
765,3.392494136043784E+00,1.594185118175743E+00
766,3.395621579358874E+00,1.597003763334238E+00
767,3.398749022673964E+00,1.599822661678125E+00
768,3.401876465989054E+00,1.602641810851376E+00
769,3.405003909304144E+00,1.605461208506898E+00
770,3.408131352619234E+00,1.608280852306492E+00
771,3.411258795934323E+00,1.611100739920828E+00
772,3.414386239249414E+00,1.613920869029389E+00
773,3.417513682564504E+00,1.616741237320463E+00
774,3.420641125879593E+00,1.619561842491093E+00
775,3.423768569194683E+00,1.622382682247016E+00
776,3.426896012509773E+00,1.625203754302684E+00
777,3.430023455824863E+00,1.628025056381170E+00
778,3.433150899139953E+00,1.630846586214154E+00
779,3.436278342455043E+00,1.633668341541921E+00
780,3.439405785770133E+00,1.636490320113270E+00
781,3.442533229085223E+00,1.639312519685510E+00
782,3.445660672400312E+00,1.642134938024435E+00
783,3.448788115715403E+00,1.644957572904242E+00
784,3.451915559030493E+00,1.647780422107567E+00
785,3.455043002345582E+00,1.650603483425389E+00
786,3.458170445660672E+00,1.653426754657026E+00
787,3.461297888975762E+00,1.656250233610092E+00
788,3.464425332290852E+00,1.659073918100478E+00
789,3.467552775605942E+00,1.661897805952282E+00
790,3.470680218921032E+00,1.664721894997821E+00
791,3.473807662236122E+00,1.667546183077576E+00
792,3.476935105551212E+00,1.670370668040132E+00
793,3.480062548866302E+00,1.673195347742203E+00
794,3.483189992181392E+00,1.676020220048557E+00
795,3.486317435496482E+00,1.678845282831985E+00
796,3.489444878811571E+00,1.681670533973286E+00
797,3.492572322126661E+00,1.684495971361229E+00
798,3.495699765441751E+00,1.687321592892510E+00
799,3.498827208756841E+00,1.690147396471728E+00
800,3.501954652071931E+00,1.692973380011355E+00
801,3.505082095387021E+00,1.695799541431708E+00
802,3.508209538702111E+00,1.698625878660895E+00
803,3.511336982017201E+00,1.701452389634807E+00
804,3.514464425332291E+00,1.704279072297085E+00
805,3.517591868647381E+00,1.707105924599075E+00
806,3.520719311962471E+00,1.709932944499798E+00
807,3.523846755277561E+00,1.712760129965947E+00
808,3.526974198592650E+00,1.715587478971810E+00
809,3.530101641907740E+00,1.718414989499274E+00
810,3.533229085222830E+00,1.721242659537793E+00
811,3.536356528537920E+00,1.724070487084325E+00
812,3.539483971853010E+00,1.726898470143350E+00
813,3.542611415168100E+00,1.729726606726802E+00
814,3.545738858483190E+00,1.732554894854056E+00
815,3.548866301798280E+00,1.735383332551890E+00
816,3.551993745113370E+00,1.738211917854459E+00
817,3.555121188428460E+00,1.741040648803283E+00
818,3.558248631743550E+00,1.743869523447172E+00
819,3.561376075058639E+00,1.746698539842254E+00
820,3.564503518373729E+00,1.749527696051893E+00
821,3.567630961688820E+00,1.752356990146692E+00
822,3.570758405003909E+00,1.755186420204468E+00
823,3.573885848318999E+00,1.758015984310182E+00
824,3.577013291634089E+00,1.760845680555978E+00
825,3.580140734949179E+00,1.763675507041079E+00
826,3.583268178264269E+00,1.766505461871823E+00
827,3.586395621579359E+00,1.769335543161594E+00
828,3.589523064894449E+00,1.772165749030797E+00
829,3.592650508209539E+00,1.774996077606867E+00
830,3.595777951524628E+00,1.777826527024196E+00
831,3.598905394839718E+00,1.780657095424114E+00
832,3.602032838154809E+00,1.783487780954896E+00
833,3.605160281469898E+00,1.786318581771685E+00
834,3.608287724784988E+00,1.789149496036508E+00
835,3.611415168100078E+00,1.791980521918212E+00
836,3.614542611415168E+00,1.794811657592474E+00
837,3.617670054730258E+00,1.797642901241725E+00
838,3.620797498045348E+00,1.800474251055188E+00
839,3.623924941360438E+00,1.803305705228795E+00
840,3.627052384675528E+00,1.806137261965172E+00
841,3.630179827990617E+00,1.808968919473635E+00
842,3.633307271305708E+00,1.811800675970159E+00
843,3.636434714620798E+00,1.814632529677318E+00
844,3.639562157935887E+00,1.817464478824313E+00
845,3.642689601250977E+00,1.820296521646878E+00
846,3.645817044566067E+00,1.823128656387332E+00
847,3.648944487881157E+00,1.825960881294492E+00
848,3.652071931196247E+00,1.828793194623665E+00
849,3.655199374511337E+00,1.831625594636637E+00
850,3.658326817826427E+00,1.834458079601637E+00
851,3.661454261141517E+00,1.837290647793303E+00
852,3.664581704456606E+00,1.840123297492674E+00
853,3.667709147771697E+00,1.842956026987147E+00
854,3.670836591086787E+00,1.845788834570466E+00
855,3.673964034401876E+00,1.848621718542700E+00
856,3.677091477716966E+00,1.851454677210195E+00
857,3.680218921032056E+00,1.854287708885570E+00
858,3.683346364347146E+00,1.857120811887694E+00
859,3.686473807662236E+00,1.859953984541639E+00
860,3.689601250977326E+00,1.862787225178686E+00
861,3.692728694292416E+00,1.865620532136284E+00
862,3.695856137607506E+00,1.868453903758017E+00
863,3.698983580922596E+00,1.871287338393606E+00
864,3.702111024237686E+00,1.874120834398850E+00
865,3.705238467552776E+00,1.876954390135639E+00
866,3.708365910867865E+00,1.879788003971909E+00
867,3.711493354182955E+00,1.882621674281622E+00
868,3.714620797498045E+00,1.885455399444729E+00
869,3.717748240813135E+00,1.888289177847195E+00
870,3.720875684128225E+00,1.891123007880894E+00
871,3.724003127443315E+00,1.893956887943668E+00
872,3.727130570758405E+00,1.896790816439270E+00
873,3.730258014073495E+00,1.899624791777324E+00
874,3.733385457388585E+00,1.902458812373308E+00
875,3.736512900703675E+00,1.905292876648577E+00
876,3.739640344018765E+00,1.908126983030265E+00
877,3.742767787333855E+00,1.910961129951342E+00
878,3.745895230648944E+00,1.913795315850515E+00
879,3.749022673964034E+00,1.916629539172261E+00
880,3.752150117279124E+00,1.919463798366783E+00
881,3.755277560594214E+00,1.922298091889981E+00
882,3.758405003909304E+00,1.925132418203464E+00
883,3.761532447224394E+00,1.927966775774483E+00
884,3.764659890539484E+00,1.930801163075919E+00
885,3.767787333854574E+00,1.933635578586309E+00
886,3.770914777169664E+00,1.936470020789753E+00
887,3.774042220484754E+00,1.939304488175938E+00
888,3.777169663799844E+00,1.942138979240106E+00
889,3.780297107114933E+00,1.944973492483036E+00
890,3.783424550430023E+00,1.947808026411005E+00
891,3.786551993745114E+00,1.950642579535800E+00
892,3.789679437060203E+00,1.953477150374650E+00
893,3.792806880375293E+00,1.956311737450243E+00
894,3.795934323690383E+00,1.959146339290722E+00
895,3.799061767005473E+00,1.961980954429587E+00
896,3.802189210320563E+00,1.964815581405755E+00
897,3.805316653635653E+00,1.967650218763501E+00
898,3.808444096950743E+00,1.970484865052433E+00
899,3.811571540265833E+00,1.973319518827496E+00
900,3.814698983580922E+00,1.976154178648945E+00
901,3.817826426896012E+00,1.978988843082283E+00
902,3.820953870211103E+00,1.981823510698312E+00
903,3.824081313526192E+00,1.984658180073070E+00
904,3.827208756841282E+00,1.987492849787787E+00
905,3.830336200156372E+00,1.990327518428930E+00
906,3.833463643471462E+00,1.993162184588138E+00
907,3.836591086786552E+00,1.995996846862201E+00
908,3.839718530101642E+00,1.998831503853065E+00
909,3.842845973416732E+00,2.001666154167792E+00
910,3.845973416731822E+00,2.004500796418553E+00
911,3.849100860046911E+00,2.007335429222597E+00
912,3.852228303362002E+00,2.010170051202234E+00
913,3.855355746677092E+00,2.013004660984836E+00
914,3.858483189992181E+00,2.015839257202783E+00
915,3.861610633307271E+00,2.018673838493469E+00
916,3.864738076622361E+00,2.021508403499290E+00
917,3.867865519937451E+00,2.024342950867585E+00
918,3.870992963252541E+00,2.027177479250653E+00
919,3.874120406567631E+00,2.030011987305727E+00
920,3.877247849882721E+00,2.032846473694965E+00
921,3.880375293197811E+00,2.035680937085389E+00
922,3.883502736512900E+00,2.038515376148926E+00
923,3.886630179827991E+00,2.041349789562343E+00
924,3.889757623143081E+00,2.044184176007243E+00
925,3.892885066458170E+00,2.047018534170074E+00
926,3.896012509773260E+00,2.049852862742044E+00
927,3.899139953088350E+00,2.052687160419179E+00
928,3.902267396403440E+00,2.055521425902267E+00
929,3.905394839718530E+00,2.058355657896824E+00
930,3.908522283033620E+00,2.061189855113112E+00
931,3.911649726348710E+00,2.064024016266112E+00
932,3.914777169663800E+00,2.066858140075470E+00
933,3.917904612978890E+00,2.069692225265539E+00
934,3.921032056293980E+00,2.072526270565316E+00
935,3.924159499609070E+00,2.075360274708435E+00
936,3.927286942924159E+00,2.078194236433168E+00
937,3.930414386239249E+00,2.081028154482379E+00
938,3.933541829554339E+00,2.083862027603527E+00
939,3.936669272869429E+00,2.086695854548648E+00
940,3.939796716184519E+00,2.089529634074323E+00
941,3.942924159499609E+00,2.092363364941669E+00
942,3.946051602814699E+00,2.095197045916349E+00
943,3.949179046129789E+00,2.098030675768478E+00
944,3.952306489444879E+00,2.100864253272713E+00
945,3.955433932759969E+00,2.103697777208149E+00
946,3.958561376075059E+00,2.106531246358343E+00
947,3.961688819390149E+00,2.109364659511280E+00
948,3.964816262705238E+00,2.112198015459380E+00
949,3.967943706020328E+00,2.115031312999447E+00
950,3.971071149335418E+00,2.117864550932691E+00
951,3.974198592650508E+00,2.120697728064677E+00
952,3.977326035965598E+00,2.123530843205330E+00
953,3.980453479280688E+00,2.126363895168925E+00
954,3.983580922595778E+00,2.129196882774024E+00
955,3.986708365910868E+00,2.132029804843532E+00
956,3.989835809225958E+00,2.134862660204622E+00
957,3.992963252541048E+00,2.137695447688751E+00
958,3.996090695856138E+00,2.140528166131620E+00
959,3.999218139171227E+00,2.143360814373184E+00
960,4.002345582486317E+00,2.146193391257616E+00
961,4.005473025801408E+00,2.149025895633305E+00
962,4.008600469116497E+00,2.151858326352830E+00
963,4.011727912431587E+00,2.154690682272959E+00
964,4.014855355746677E+00,2.157522962254595E+00
965,4.017982799061767E+00,2.160355165162835E+00
966,4.021110242376857E+00,2.163187289866865E+00
967,4.024237685691947E+00,2.166019335239992E+00
968,4.027365129007037E+00,2.168851300159675E+00
969,4.030492572322126E+00,2.171683183507387E+00
970,4.033620015637217E+00,2.174514984168714E+00
971,4.036747458952306E+00,2.177346701033311E+00
972,4.039874902267396E+00,2.180178332994843E+00
973,4.043002345582487E+00,2.183009878951004E+00
974,4.046129788897576E+00,2.185841337803532E+00
975,4.049257232212666E+00,2.188672708458114E+00
976,4.052384675527756E+00,2.191503989824463E+00
977,4.055512118842846E+00,2.194335180816235E+00
978,4.058639562157936E+00,2.197166280351033E+00
979,4.061767005473026E+00,2.199997287350425E+00
980,4.064894448788116E+00,2.202828200739881E+00
981,4.068021892103205E+00,2.205659019448782E+00
982,4.071149335418296E+00,2.208489742410408E+00
983,4.074276778733386E+00,2.211320368561924E+00
984,4.077404222048475E+00,2.214150896844348E+00
985,4.080531665363566E+00,2.216981326202561E+00
986,4.083659108678655E+00,2.219811655585290E+00
987,4.086786551993745E+00,2.222641883945050E+00
988,4.089913995308835E+00,2.225472010238195E+00
989,4.093041438623925E+00,2.228302033424893E+00
990,4.096168881939015E+00,2.231131952469040E+00
991,4.099296325254105E+00,2.233961766338346E+00
992,4.102423768569194E+00,2.236791474004255E+00
993,4.105551211884285E+00,2.239621074441948E+00
994,4.108678655199375E+00,2.242450566630341E+00
995,4.111806098514464E+00,2.245279949552082E+00
996,4.114933541829554E+00,2.248109222193456E+00
997,4.118060985144645E+00,2.250938383544501E+00
998,4.121188428459734E+00,2.253767432598921E+00
999,4.124315871774824E+00,2.256596368354019E+00
1000,4.127443315089915E+00,2.259425189810792E+00
1001,4.130570758405003E+00,2.262253895973895E+00
1002,4.133698201720094E+00,2.265082485851520E+00
1003,4.136825645035184E+00,2.267910958455543E+00
1004,4.139953088350273E+00,2.270739312801402E+00
1005,4.143080531665364E+00,2.273567547908098E+00
1006,4.146207974980453E+00,2.276395662798235E+00
1007,4.149335418295543E+00,2.279223656497929E+00
1008,4.152462861610633E+00,2.282051528036869E+00
1009,4.155590304925723E+00,2.284879276448271E+00
1010,4.158717748240813E+00,2.287706900768836E+00
1011,4.161845191555903E+00,2.290534400038807E+00
1012,4.164972634870993E+00,2.293361773301891E+00
1013,4.168100078186082E+00,2.296189019605259E+00
1014,4.171227521501173E+00,2.299016137999589E+00
1015,4.174354964816263E+00,2.301843127538972E+00
1016,4.177482408131352E+00,2.304669987280956E+00
1017,4.180609851446443E+00,2.307496716286510E+00
1018,4.183737294761532E+00,2.310323313620031E+00
1019,4.186864738076622E+00,2.313149778349292E+00
1020,4.189992181391712E+00,2.315976109545464E+00
1021,4.193119624706802E+00,2.318802306283115E+00
1022,4.196247068021892E+00,2.321628367640153E+00
1023,4.199374511336982E+00,2.324454292697849E+00
1024,4.202501954652072E+00,2.327280080540821E+00
1025,4.205629397967162E+00,2.330105730257014E+00
1026,4.208756841282252E+00,2.332931240937671E+00
1027,4.211884284597342E+00,2.335756611677370E+00
1028,4.215011727912431E+00,2.338581841573954E+00
1029,4.218139171227522E+00,2.341406929728566E+00
1030,4.221266614542611E+00,2.344231875245613E+00
1031,4.224394057857701E+00,2.347056677232743E+00
1032,4.227521501172792E+00,2.349881334800879E+00
1033,4.230648944487881E+00,2.352705847064162E+00
1034,4.233776387802971E+00,2.355530213139947E+00
1035,4.236903831118061E+00,2.358354432148818E+00
1036,4.240031274433151E+00,2.361178503214553E+00
1037,4.243158717748241E+00,2.364002425464107E+00
1038,4.246286161063331E+00,2.366826198027610E+00
1039,4.249413604378421E+00,2.369649820038385E+00
1040,4.252541047693510E+00,2.372473290632870E+00
1041,4.255668491008601E+00,2.375296608950673E+00
1042,4.258795934323691E+00,2.378119774134536E+00
1043,4.261923377638780E+00,2.380942785330292E+00
1044,4.265050820953871E+00,2.383765641686904E+00
1045,4.268178264268959E+00,2.386588342356444E+00
1046,4.271305707584050E+00,2.389410886494011E+00
1047,4.274433150899140E+00,2.392233273257871E+00
1048,4.277560594214229E+00,2.395055501809290E+00
1049,4.280688037529320E+00,2.397877571312589E+00
1050,4.283815480844410E+00,2.400699480935160E+00
1051,4.286942924159499E+00,2.403521229847427E+00
1052,4.290070367474589E+00,2.406342817222778E+00
1053,4.293197810789680E+00,2.409164242237694E+00
1054,4.296325254104769E+00,2.411985504071613E+00
1055,4.299452697419859E+00,2.414806601906939E+00
1056,4.302580140734950E+00,2.417627534929095E+00
1057,4.305707584050039E+00,2.420448302326466E+00
1058,4.308835027365129E+00,2.423268903290354E+00
1059,4.311962470680219E+00,2.426089337015062E+00
1060,4.315089913995308E+00,2.428909602697799E+00
1061,4.318217357310399E+00,2.431729699538693E+00
1062,4.321344800625488E+00,2.434549626740806E+00
1063,4.324472243940578E+00,2.437369383510095E+00
1064,4.327599687255669E+00,2.440188969055411E+00
1065,4.330727130570758E+00,2.443008382588512E+00
1066,4.333854573885848E+00,2.445827623323973E+00
1067,4.336982017200938E+00,2.448646690479292E+00
1068,4.340109460516028E+00,2.451465583274793E+00
1069,4.343236903831118E+00,2.454284300933648E+00
1070,4.346364347146208E+00,2.457102842681861E+00
1071,4.349491790461298E+00,2.459921207748274E+00
1072,4.352619233776387E+00,2.462739395364504E+00
1073,4.355746677091478E+00,2.465557404765015E+00
1074,4.358874120406568E+00,2.468375235187036E+00
1075,4.362001563721657E+00,2.471192885870606E+00
1076,4.365129007036748E+00,2.474010356058491E+00
1077,4.368256450351837E+00,2.476827644996285E+00
1078,4.371383893666927E+00,2.479644751932291E+00
1079,4.374511336982017E+00,2.482461676117555E+00
1080,4.377638780297107E+00,2.485278416805893E+00
1081,4.380766223612197E+00,2.488094973253811E+00
1082,4.383893666927287E+00,2.490911344720548E+00
1083,4.387021110242377E+00,2.493727530468050E+00
1084,4.390148553557466E+00,2.496543529760947E+00
1085,4.393275996872557E+00,2.499359341866575E+00
1086,4.396403440187647E+00,2.502174966054926E+00
1087,4.399530883502736E+00,2.504990401598666E+00
1088,4.402658326817827E+00,2.507805647773146E+00
1089,4.405785770132916E+00,2.510620703856338E+00
1090,4.408913213448006E+00,2.513435569128839E+00
1091,4.412040656763097E+00,2.516250242873928E+00
1092,4.415168100078186E+00,2.519064724377480E+00
1093,4.418295543393276E+00,2.521879012927951E+00
1094,4.421422986708366E+00,2.524693107816448E+00
1095,4.424550430023456E+00,2.527507008336657E+00
1096,4.427677873338546E+00,2.530320713784845E+00
1097,4.430805316653636E+00,2.533134223459840E+00
1098,4.433932759968726E+00,2.535947536663072E+00
1099,4.437060203283815E+00,2.538760652698502E+00
1100,4.440187646598906E+00,2.541573570872646E+00
1101,4.443315089913995E+00,2.544386290494579E+00
1102,4.446442533229085E+00,2.547198810875863E+00
1103,4.449569976544176E+00,2.550011131330633E+00
1104,4.452697419859264E+00,2.552823251175518E+00
1105,4.455824863174355E+00,2.555635169729623E+00
1106,4.458952306489445E+00,2.558446886314598E+00
1107,4.462079749804534E+00,2.561258400254564E+00
1108,4.465207193119625E+00,2.564069710876092E+00
1109,4.468334636434715E+00,2.566880817508254E+00
1110,4.471462079749804E+00,2.569691719482602E+00
1111,4.474589523064894E+00,2.572502416133073E+00
1112,4.477716966379985E+00,2.575312906796118E+00
1113,4.480844409695074E+00,2.578123190810610E+00
1114,4.483971853010164E+00,2.580933267517791E+00
1115,4.487099296325254E+00,2.583743136261408E+00
1116,4.490226739640343E+00,2.586552796387559E+00
1117,4.493354182955434E+00,2.589362247244757E+00
1118,4.496481626270524E+00,2.592171488183951E+00
1119,4.499609069585613E+00,2.594980518558403E+00
1120,4.502736512900704E+00,2.597789337723797E+00
1121,4.505863956215793E+00,2.600597945038196E+00
1122,4.508991399530883E+00,2.603406339861989E+00
1123,4.512118842845974E+00,2.606214521557953E+00
1124,4.515246286161063E+00,2.609022489491179E+00
1125,4.518373729476153E+00,2.611830243029102E+00
1126,4.521501172791243E+00,2.614637781541506E+00
1127,4.524628616106333E+00,2.617445104400479E+00
1128,4.527756059421423E+00,2.620252210980425E+00
1129,4.530883502736513E+00,2.623059100658037E+00
1130,4.534010946051603E+00,2.625865772812331E+00
1131,4.537138389366692E+00,2.628672226824601E+00
1132,4.540265832681783E+00,2.631478462078396E+00
1133,4.543393275996872E+00,2.634284477959590E+00
1134,4.546520719311962E+00,2.637090273856281E+00
1135,4.549648162627053E+00,2.639895849158827E+00
1136,4.552775605942142E+00,2.642701203259860E+00
1137,4.555903049257232E+00,2.645506335554229E+00
1138,4.559030492572322E+00,2.648311245439027E+00
1139,4.562157935887412E+00,2.651115932313575E+00
1140,4.565285379202502E+00,2.653920395579403E+00
1141,4.568412822517592E+00,2.656724634640260E+00
1142,4.571540265832682E+00,2.659528648902096E+00
1143,4.574667709147771E+00,2.662332437773065E+00
1144,4.577795152462862E+00,2.665136000663483E+00
1145,4.580922595777952E+00,2.667939336985897E+00
1146,4.584050039093041E+00,2.670742446154955E+00
1147,4.587177482408132E+00,2.673545327587539E+00
1148,4.590304925723221E+00,2.676347980702653E+00
1149,4.593432369038311E+00,2.679150404921451E+00
1150,4.596559812353401E+00,2.681952599667247E+00
1151,4.599687255668491E+00,2.684754564365490E+00
1152,4.602814698983581E+00,2.687556298443741E+00
1153,4.605942142298671E+00,2.690357801331684E+00
1154,4.609069585613761E+00,2.693159072461147E+00
1155,4.612197028928851E+00,2.695960111266041E+00
1156,4.615324472243941E+00,2.698760917182353E+00
1157,4.618451915559030E+00,2.701561489648220E+00
1158,4.621579358874120E+00,2.704361828103814E+00
1159,4.624706802189211E+00,2.707161931991414E+00
1160,4.627834245504300E+00,2.709961800755369E+00
1161,4.630961688819390E+00,2.712761433842055E+00
1162,4.634089132134481E+00,2.715560830699960E+00
1163,4.637216575449569E+00,2.718359990779610E+00
1164,4.640344018764660E+00,2.721158913533514E+00
1165,4.643471462079750E+00,2.723957598416306E+00
1166,4.646598905394839E+00,2.726756044884594E+00
1167,4.649726348709930E+00,2.729554252397005E+00
1168,4.652853792025020E+00,2.732352220414217E+00
1169,4.655981235340109E+00,2.735149948398903E+00
1170,4.659108678655199E+00,2.737947435815702E+00
1171,4.662236121970289E+00,2.740744682131315E+00
1172,4.665363565285379E+00,2.743541686814358E+00
1173,4.668491008600469E+00,2.746338449335487E+00
1174,4.671618451915559E+00,2.749134969167309E+00
1175,4.674745895230648E+00,2.751931245784388E+00
1176,4.677873338545739E+00,2.754727278663268E+00
1177,4.681000781860829E+00,2.757523067282440E+00
1178,4.684128225175918E+00,2.760318611122353E+00
1179,4.687255668491009E+00,2.763113909665369E+00
1180,4.690383111806098E+00,2.765908962395810E+00
1181,4.693510555121188E+00,2.768703768799923E+00
1182,4.696637998436278E+00,2.771498328365875E+00
1183,4.699765441751368E+00,2.774292640583754E+00
1184,4.702892885066458E+00,2.777086704945533E+00
1185,4.706020328381548E+00,2.779880520945106E+00
1186,4.709147771696638E+00,2.782674088078271E+00
1187,4.712275215011728E+00,2.785467405842692E+00
1188,4.715402658326818E+00,2.788260473737924E+00
1189,4.718530101641908E+00,2.791053291265435E+00
1190,4.721657544956997E+00,2.793845857928491E+00
1191,4.724784988272088E+00,2.796638173232284E+00
1192,4.727912431587177E+00,2.799430236683848E+00
1193,4.731039874902267E+00,2.802222047792038E+00
1194,4.734167318217358E+00,2.805013606067594E+00
1195,4.737294761532447E+00,2.807804911023084E+00
1196,4.740422204847537E+00,2.810595962172898E+00
1197,4.743549648162627E+00,2.813386759033249E+00
1198,4.746677091477717E+00,2.816177301122205E+00
1199,4.749804534792807E+00,2.818967587959584E+00
1200,4.752931978107897E+00,2.821757619067085E+00
1201,4.756059421422987E+00,2.824547393968167E+00
1202,4.759186864738076E+00,2.827336912188084E+00
1203,4.762314308053167E+00,2.830126173253893E+00
1204,4.765441751368257E+00,2.832915176694445E+00
1205,4.768569194683346E+00,2.835703922040336E+00
1206,4.771696637998437E+00,2.838492408823956E+00
1207,4.774824081313526E+00,2.841280636579468E+00
1208,4.777951524628616E+00,2.844068604842765E+00
1209,4.781078967943706E+00,2.846856313151532E+00
1210,4.784206411258796E+00,2.849643761045195E+00
1211,4.787333854573886E+00,2.852430948064884E+00
1212,4.790461297888976E+00,2.855217873753498E+00
1213,4.793588741204065E+00,2.858004537655695E+00
1214,4.796716184519155E+00,2.860790939317774E+00
1215,4.799843627834246E+00,2.863577078287832E+00
1216,4.802971071149335E+00,2.866362954115665E+00
1217,4.806098514464425E+00,2.869148566352730E+00
1218,4.809225957779516E+00,2.871933914552239E+00
1219,4.812353401094605E+00,2.874718998269085E+00
1220,4.815480844409695E+00,2.877503817059830E+00
1221,4.818608287724786E+00,2.880288370482750E+00
1222,4.821735731039874E+00,2.883072658097805E+00
1223,4.824863174354965E+00,2.885856679466571E+00
1224,4.827990617670055E+00,2.888640434152346E+00
1225,4.831118060985144E+00,2.891423921720111E+00
1226,4.834245504300235E+00,2.894207141736429E+00
1227,4.837372947615324E+00,2.896990093769585E+00
1228,4.840500390930414E+00,2.899772777389452E+00
1229,4.843627834245504E+00,2.902555192167598E+00
1230,4.846755277560594E+00,2.905337337677180E+00
1231,4.849882720875684E+00,2.908119213493022E+00
1232,4.853010164190774E+00,2.910900819191546E+00
1233,4.856137607505864E+00,2.913682154350806E+00
1234,4.859265050820953E+00,2.916463218550457E+00
1235,4.862392494136044E+00,2.919244011371779E+00
1236,4.865519937451134E+00,2.922024532397649E+00
1237,4.868647380766223E+00,2.924804781212521E+00
1238,4.871774824081314E+00,2.927584757402468E+00
1239,4.874902267396403E+00,2.930364460555142E+00
1240,4.878029710711493E+00,2.933143890259762E+00
1241,4.881157154026583E+00,2.935923046107143E+00
1242,4.884284597341673E+00,2.938701927689674E+00
1243,4.887412040656763E+00,2.941480534601274E+00
1244,4.890539483971853E+00,2.944258866437471E+00
1245,4.893666927286943E+00,2.947036922795306E+00
1246,4.896794370602032E+00,2.949814703273393E+00
1247,4.899921813917123E+00,2.952592207471892E+00
1248,4.903049257232213E+00,2.955369434992494E+00
1249,4.906176700547302E+00,2.958146385438421E+00
1250,4.909304143862393E+00,2.960923058414456E+00
1251,4.912431587177482E+00,2.963699453526856E+00
1252,4.915559030492572E+00,2.966475570383425E+00
1253,4.918686473807663E+00,2.969251408593492E+00
1254,4.921813917122752E+00,2.972026967767889E+00
1255,4.924941360437842E+00,2.974802247518935E+00
1256,4.928068803752932E+00,2.977577247460454E+00
1257,4.931196247068022E+00,2.980351967207796E+00
1258,4.934323690383112E+00,2.983126406377772E+00
1259,4.937451133698202E+00,2.985900564588656E+00
1260,4.940578577013292E+00,2.988674441460264E+00
1261,4.943706020328381E+00,2.991448036613822E+00
1262,4.946833463643472E+00,2.994221349672074E+00
1263,4.949960906958562E+00,2.996994380259203E+00
1264,4.953088350273651E+00,2.999767128000866E+00
1265,4.956215793588742E+00,3.002539592524146E+00
1266,4.959343236903831E+00,3.005311773457654E+00
1267,4.962470680218921E+00,3.008083670431337E+00
1268,4.965598123534011E+00,3.010855283076658E+00
1269,4.968725566849100E+00,3.013626611026526E+00
1270,4.971853010164191E+00,3.016397653915209E+00
1271,4.974980453479281E+00,3.019168411378474E+00
1272,4.978107896794370E+00,3.021938883053493E+00
1273,4.981235340109460E+00,3.024709068578823E+00
1274,4.984362783424551E+00,3.027478967594468E+00
1275,4.987490226739640E+00,3.030248579741833E+00
1276,4.990617670054730E+00,3.033017904663717E+00
1277,4.993745113369821E+00,3.035786942004331E+00
1278,4.996872556684909E+00,3.038555691409282E+00
1279,5.000000000000000E+00,3.041324152525538E+00
