0,1.000000000000000E+00,-8.107119369549015E-01
1,1.001343457254464E+00,-8.532703938601972E-01
2,1.002686914508927E+00,-8.672630840285059E-01
3,1.004030371763391E+00,-8.765354818158212E-01
4,1.005373829017855E+00,-8.833678583299495E-01
5,1.006717286272318E+00,-8.886826262319563E-01
6,1.008060743526782E+00,-8.929495967828047E-01
7,1.009404200781246E+00,-8.964438697806746E-01
8,1.010747658035710E+00,-8.993418917951219E-01
9,1.012091115290173E+00,-9.017643364359353E-01
10,1.013434572544637E+00,-9.037977684084122E-01
11,1.014778029799100E+00,-9.055066198790673E-01
12,1.016121487053564E+00,-9.069402813327255E-01
13,1.017464944308028E+00,-9.081375331696382E-01
14,1.018808401562491E+00,-9.091294393111196E-01
15,1.020151858816955E+00,-9.099413062421975E-01
16,1.021495316071419E+00,-9.105940503508198E-01
17,1.022838773325883E+00,-9.111051774063016E-01
18,1.024182230580346E+00,-9.114895001215533E-01
19,1.025525687834810E+00,-9.117596742301881E-01
20,1.026869145089274E+00,-9.119266059419131E-01
21,1.028212602343737E+00,-9.119997664084074E-01
22,1.029556059598201E+00,-9.119874377596526E-01
23,1.030899516852665E+00,-9.118969079794760E-01
24,1.032242974107128E+00,-9.117346269810276E-01
25,1.033586431361592E+00,-9.115063328737830E-01
26,1.034929888616056E+00,-9.112171550589430E-01
27,1.036273345870519E+00,-9.108716991179623E-01
28,1.037616803124983E+00,-9.104741172534186E-01
29,1.038960260379447E+00,-9.100281671608462E-01
30,1.040303717633910E+00,-9.095372615586972E-01
31,1.041647174888374E+00,-9.090045101159938E-01
32,1.042990632142838E+00,-9.084327551486668E-01
33,1.044334089397301E+00,-9.078246021738381E-01
34,1.045677546651765E+00,-9.071824461942951E-01
35,1.047021003906229E+00,-9.065084944166294E-01
36,1.048364461160692E+00,-9.058047859741455E-01
37,1.049707918415156E+00,-9.050732091213116E-01
38,1.051051375669620E+00,-9.043155162833248E-01
39,1.052394832924084E+00,-9.035333372779311E-01
40,1.053738290178547E+00,-9.027281909730630E-01
41,1.055081747433011E+00,-9.019014956003852E-01
42,1.056425204687474E+00,-9.010545779095281E-01
43,1.057768661941938E+00,-9.001886813187611E-01
44,1.059112119196402E+00,-8.993049731939985E-01
45,1.060455576450866E+00,-8.984045513683422E-01
46,1.061799033705329E+00,-8.974884499978923E-01
47,1.063142490959793E+00,-8.965576448359525E-01
48,1.064485948214257E+00,-8.956130579962628E-01
49,1.065829405468720E+00,-8.946555622662514E-01
50,1.067172862723184E+00,-8.936859850232283E-01
51,1.068516319977648E+00,-8.927051117995084E-01
52,1.069859777232111E+00,-8.917136895366925E-01
53,1.071203234486575E+00,-8.907124295643228E-01
54,1.072546691741039E+00,-8.897020103339833E-01
55,1.073890148995502E+00,-8.886830799362501E-01
56,1.075233606249966E+00,-8.876562584249094E-01
57,1.076577063504430E+00,-8.866221399702235E-01
58,1.077920520758893E+00,-8.855812948608138E-01
59,1.079263978013357E+00,-8.845342713719189E-01
60,1.080607435267821E+00,-8.834815975161781E-01
61,1.081950892522284E+00,-8.824237826918694E-01
62,1.083294349776748E+00,-8.813613192425076E-01
63,1.084637807031212E+00,-8.802946839409257E-01
64,1.085981264285675E+00,-8.792243394104792E-01
65,1.087324721540139E+00,-8.781507354956858E-01
66,1.088668178794603E+00,-8.770743105946377E-01
67,1.090011636049066E+00,-8.759954929657645E-01
68,1.091355093303530E+00,-8.749147020221190E-01
69,1.092698550557994E+00,-8.738323496273559E-01
70,1.094042007812458E+00,-8.727488414090068E-01
71,1.095385465066921E+00,-8.716645781067173E-01
72,1.096728922321385E+00,-8.705799569759629E-01
73,1.098072379575848E+00,-8.694953732715682E-01
74,1.099415836830312E+00,-8.684112218406447E-01
75,1.100759294084776E+00,-8.673278988616506E-01
76,1.102102751339240E+00,-8.662458037761185E-01
77,1.103446208593703E+00,-8.651653414731985E-01
78,1.104789665848167E+00,-8.640869248063748E-01
79,1.106133123102631E+00,-8.630109775492678E-01
80,1.107476580357094E+00,-8.619379379377915E-01
81,1.108820037611558E+00,-8.608682630064736E-01
82,1.110163494866022E+00,-8.598024340202245E-01
83,1.111506952120485E+00,-8.587409634519066E-01
84,1.112850409374949E+00,-8.576844042033052E-01
85,1.114193866629413E+00,-8.566333621966573E-01
86,1.115537323883876E+00,-8.555885142536277E-01
87,1.116880781138340E+00,-8.545506347362918E-01
88,1.118224238392804E+00,-8.535206377872148E-01
89,1.119567695647267E+00,-8.524996501961118E-01
90,1.120911152901731E+00,-8.514891536278442E-01
91,1.122254610156195E+00,-8.504913253906070E-01
92,1.123598067410658E+00,-8.495103284099959E-01
93,1.124941524665122E+00,-8.485507148994956E-01
94,1.126284981919586E+00,-8.475969398866274E-01
95,1.127628439174049E+00,-8.466452598577167E-01
96,1.128971896428513E+00,-8.456938940114788E-01
97,1.130315353682977E+00,-8.447417189384099E-01
98,1.131658810937441E+00,-8.437879478219994E-01
99,1.133002268191904E+00,-8.428319971597921E-01
100,1.134345725446368E+00,-8.418734185764726E-01
101,1.135689182700832E+00,-8.409118593517338E-01
102,1.137032639955295E+00,-8.399470375797999E-01
103,1.138376097209759E+00,-8.389787255590981E-01
104,1.139719554464223E+00,-8.380067381604698E-01
105,1.141063011718686E+00,-8.370309243804449E-01
106,1.142406468973150E+00,-8.360511610250139E-01
107,1.143749926227614E+00,-8.350673478712406E-01
108,1.145093383482077E+00,-8.340794038854213E-01
109,1.146436840736541E+00,-8.330872642161080E-01
110,1.147780297991005E+00,-8.320908777679653E-01
111,1.149123755245468E+00,-8.310902052192903E-01
112,1.150467212499932E+00,-8.300852173840660E-01
113,1.151810669754396E+00,-8.290758938454652E-01
114,1.153154127008859E+00,-8.280622218059924E-01
115,1.154497584263323E+00,-8.270441951125110E-01
116,1.155841041517787E+00,-8.260218134239017E-01
117,1.157184498772250E+00,-8.249950814961401E-01
118,1.158527956026714E+00,-8.239640085648333E-01
119,1.159871413281178E+00,-8.229286078092808E-01
120,1.161214870535642E+00,-8.218888958851939E-01
121,1.162558327790105E+00,-8.208448925156149E-01
122,1.163901785044569E+00,-8.197966201314497E-01
123,1.165245242299032E+00,-8.187441035545252E-01
124,1.166588699553496E+00,-8.176873697172763E-01
125,1.167932156807960E+00,-8.166264474141336E-01
126,1.169275614062423E+00,-8.155613670804418E-01
127,1.170619071316887E+00,-8.144921605954150E-01
128,1.171962528571351E+00,-8.134188611061213E-01
129,1.173305985825815E+00,-8.123415028699495E-01
130,1.174649443080278E+00,-8.112601211133643E-01
131,1.175992900334742E+00,-8.101747519050542E-01
132,1.177336357589206E+00,-8.090854320418450E-01
133,1.178679814843669E+00,-8.079921989459489E-01
134,1.180023272098133E+00,-8.068950905723140E-01
135,1.181366729352597E+00,-8.057941453249995E-01
136,1.182710186607060E+00,-8.046894019816127E-01
137,1.184053643861524E+00,-8.035808996249897E-01
138,1.185397101115988E+00,-8.024686775813650E-01
139,1.186740558370451E+00,-8.013527753644014E-01
140,1.188084015624915E+00,-8.002332326244795E-01
141,1.189427472879379E+00,-7.991100891027526E-01
142,1.190770930133842E+00,-7.979833845895047E-01
143,1.192114387388306E+00,-7.968531588863963E-01
144,1.193457844642770E+00,-7.957194517722526E-01
145,1.194801301897233E+00,-7.945823029720456E-01
146,1.196144759151697E+00,-7.934417521287946E-01
147,1.197488216406161E+00,-7.922978387781170E-01
148,1.198831673660624E+00,-7.911506023251864E-01
149,1.200175130915088E+00,-7.900000820238973E-01
150,1.201518588169552E+00,-7.888463169580275E-01
151,1.202862045424016E+00,-7.876893460242372E-01
152,1.204205502678479E+00,-7.865292079167437E-01
153,1.205548959932943E+00,-7.853659411135191E-01
154,1.206892417187406E+00,-7.841995838638981E-01
155,1.208235874441870E+00,-7.830301741774578E-01
156,1.209579331696334E+00,-7.818577498140773E-01
157,1.210922788950798E+00,-7.806823482750779E-01
158,1.212266246205261E+00,-7.795040067953368E-01
159,1.213609703459725E+00,-7.783227623363230E-01
160,1.214953160714189E+00,-7.771386515799495E-01
161,1.216296617968652E+00,-7.759517109231930E-01
162,1.217640075223116E+00,-7.747619764734202E-01
163,1.218983532477580E+00,-7.735694840443413E-01
164,1.220326989732043E+00,-7.723742691525712E-01
165,1.221670446986507E+00,-7.711763670147210E-01
166,1.223013904240971E+00,-7.699758125449856E-01
167,1.224357361495434E+00,-7.687726403532020E-01
168,1.225700818749898E+00,-7.675668847433100E-01
169,1.227044276004362E+00,-7.663585797122147E-01
170,1.228387733258825E+00,-7.651477589489861E-01
171,1.229731190513289E+00,-7.639344558344007E-01
172,1.231074647767753E+00,-7.627187034407646E-01
173,1.232418105022216E+00,-7.615005345320192E-01
174,1.233761562276680E+00,-7.602799815640959E-01
175,1.235105019531144E+00,-7.590570766854958E-01
176,1.236448476785607E+00,-7.578318517380856E-01
177,1.237791934040071E+00,-7.566043382580750E-01
178,1.239135391294535E+00,-7.553745674771773E-01
179,1.240478848548999E+00,-7.541425703239293E-01
180,1.241822305803462E+00,-7.529083774251493E-01
181,1.243165763057926E+00,-7.516720191075381E-01
182,1.244509220312390E+00,-7.504335253993891E-01
183,1.245852677566853E+00,-7.491929260324124E-01
184,1.247196134821317E+00,-7.479502504436627E-01
185,1.248539592075780E+00,-7.467055277775414E-01
186,1.249883049330244E+00,-7.454587868878984E-01
187,1.251226506584708E+00,-7.442100563401868E-01
188,1.252569963839172E+00,-7.429593644136896E-01
189,1.253913421093635E+00,-7.417067391038117E-01
190,1.255256878348099E+00,-7.404522081244027E-01
191,1.256600335602563E+00,-7.391957989101469E-01
192,1.257943792857026E+00,-7.379375386189728E-01
193,1.259287250111490E+00,-7.366774541345057E-01
194,1.260630707365954E+00,-7.354155720685512E-01
195,1.261974164620417E+00,-7.341519187635949E-01
196,1.263317621874881E+00,-7.328865202953322E-01
197,1.264661079129345E+00,-7.316194024752022E-01
198,1.266004536383808E+00,-7.303505908529516E-01
199,1.267347993638272E+00,-7.290801107191900E-01
200,1.268691450892736E+00,-7.278079871079632E-01
201,1.270034908147200E+00,-7.265342447993324E-01
202,1.271378365401663E+00,-7.252589083219412E-01
203,1.272721822656127E+00,-7.239820019556031E-01
204,1.274065279910590E+00,-7.227035497338632E-01
205,1.275408737165054E+00,-7.214235754465690E-01
206,1.276752194419518E+00,-7.201421026424356E-01
207,1.278095651673981E+00,-7.188591546315877E-01
208,1.279439108928445E+00,-7.175747544881141E-01
209,1.280782566182909E+00,-7.162889250525873E-01
210,1.282126023437373E+00,-7.150016889345846E-01
211,1.283469480691836E+00,-7.137130685151959E-01
212,1.284812937946300E+00,-7.124230859495040E-01
213,1.286156395200764E+00,-7.111317631690689E-01
214,1.287499852455227E+00,-7.098391218843727E-01
215,1.288843309709691E+00,-7.085451835872594E-01
216,1.290186766964155E+00,-7.072499695533636E-01
217,1.291530224218618E+00,-7.059535008444979E-01
218,1.292873681473082E+00,-7.046557983110456E-01
219,1.294217138727546E+00,-7.033568825943142E-01
220,1.295560595982009E+00,-7.020567741288734E-01
221,1.296904053236473E+00,-7.007554931448845E-01
222,1.298247510490937E+00,-6.994530596703847E-01
223,1.299590967745401E+00,-6.981494935335764E-01
224,1.300934424999864E+00,-6.968448143650653E-01
225,1.302277882254328E+00,-6.955390416001068E-01
226,1.303621339508791E+00,-6.942321944808058E-01
227,1.304964796763255E+00,-6.929242920583033E-01
228,1.306308254017719E+00,-6.916153531949472E-01
229,1.307651711272182E+00,-6.903053965664208E-01
230,1.308995168526646E+00,-6.889944406638744E-01
231,1.310338625781110E+00,-6.876825037960099E-01
232,1.311682083035574E+00,-6.863696040911521E-01
233,1.313025540290037E+00,-6.850557594993095E-01
234,1.314368997544501E+00,-6.837409877941822E-01
235,1.315712454798964E+00,-6.824253065751840E-01
236,1.317055912053428E+00,-6.811087332694077E-01
237,1.318399369307892E+00,-6.797912851335851E-01
238,1.319742826562356E+00,-6.784729792560308E-01
239,1.321086283816819E+00,-6.771538325585394E-01
240,1.322429741071283E+00,-6.758338617982911E-01
241,1.323773198325747E+00,-6.745130835697062E-01
242,1.325116655580210E+00,-6.731915143062921E-01
243,1.326460112834674E+00,-6.718691702824743E-01
244,1.327803570089138E+00,-6.705460676153857E-01
245,1.329147027343601E+00,-6.692222222666575E-01
246,1.330490484598065E+00,-6.678976500441681E-01
247,1.331833941852529E+00,-6.665723666037784E-01
248,1.333177399106992E+00,-6.652463874510568E-01
249,1.334520856361456E+00,-6.639197279429603E-01
250,1.335864313615920E+00,-6.625924032895212E-01
251,1.337207770870383E+00,-6.612644285554878E-01
252,1.338551228124847E+00,-6.599358186619594E-01
253,1.339894685379311E+00,-6.586065883880038E-01
254,1.341238142633774E+00,-6.572767523722398E-01
255,1.342581599888238E+00,-6.559463251144220E-01
256,1.343925057142702E+00,-6.546153209769729E-01
257,1.345268514397165E+00,-6.532837541865408E-01
258,1.346611971651629E+00,-6.519516388354927E-01
259,1.347955428906093E+00,-6.506189888834168E-01
260,1.349298886160557E+00,-6.492858181586031E-01
261,1.350642343415020E+00,-6.479521403594893E-01
262,1.351985800669484E+00,-6.466179690561156E-01
263,1.353329257923948E+00,-6.452833176915295E-01
264,1.354672715178411E+00,-6.439481995831960E-01
265,1.356016172432875E+00,-6.426126279243887E-01
266,1.357359629687338E+00,-6.412766157855436E-01
267,1.358703086941802E+00,-6.399401761156267E-01
268,1.360046544196266E+00,-6.386033217434541E-01
269,1.361390001450730E+00,-6.372660653790119E-01
270,1.362733458705193E+00,-6.359284196147634E-01
271,1.364076915959657E+00,-6.345903969269194E-01
272,1.365420373214121E+00,-6.332520096767238E-01
273,1.366763830468584E+00,-6.319132701116901E-01
274,1.368107287723048E+00,-6.305741903668376E-01
275,1.369450744977512E+00,-6.292347824659255E-01
276,1.370794202231975E+00,-6.278950583226387E-01
277,1.372137659486439E+00,-6.265550297417981E-01
278,1.373481116740903E+00,-6.252147084205180E-01
279,1.374824573995366E+00,-6.238741059493699E-01
280,1.376168031249830E+00,-6.225332338135376E-01
281,1.377511488504294E+00,-6.211921033939344E-01
282,1.378854945758758E+00,-6.198507259683343E-01
283,1.380198403013221E+00,-6.185091127124569E-01
284,1.381541860267685E+00,-6.171672747010776E-01
285,1.382885317522148E+00,-6.158252229090863E-01
286,1.384228774776612E+00,-6.144829682125521E-01
287,1.385572232031076E+00,-6.131405213897835E-01
288,1.386915689285539E+00,-6.117978931223454E-01
289,1.388259146540003E+00,-6.104550939961012E-01
290,1.389602603794467E+00,-6.091121345022098E-01
291,1.390946061048931E+00,-6.077690250381236E-01
292,1.392289518303394E+00,-6.064257759085836E-01
293,1.393632975557858E+00,-6.050823973265776E-01
294,1.394976432812322E+00,-6.037388994143172E-01
295,1.396319890066785E+00,-6.023952922041742E-01
296,1.397663347321249E+00,-6.010515856396202E-01
297,1.399006804575713E+00,-5.997077895761613E-01
298,1.400350261830176E+00,-5.983639137822363E-01
299,1.401693719084640E+00,-5.970199679401386E-01
300,1.403037176339104E+00,-5.956759616468950E-01
301,1.404380633593567E+00,-5.943319044151467E-01
302,1.405724090848031E+00,-5.929878056740312E-01
303,1.407067548102495E+00,-5.916436747700257E-01
304,1.408411005356958E+00,-5.902995209678155E-01
305,1.409754462611422E+00,-5.889553534511167E-01
306,1.411097919865886E+00,-5.876111813235085E-01
307,1.412441377120349E+00,-5.862670136092615E-01
308,1.413784834374813E+00,-5.849228592541311E-01
309,1.415128291629277E+00,-5.835787271261756E-01
310,1.416471748883740E+00,-5.822346260165261E-01
311,1.417815206138204E+00,-5.808905646401770E-01
312,1.419158663392668E+00,-5.795465516367596E-01
313,1.420502120647131E+00,-5.782025955712913E-01
314,1.421845577901595E+00,-5.768587049349462E-01
315,1.423189035156059E+00,-5.755148881457737E-01
316,1.424532492410522E+00,-5.741711535494588E-01
317,1.425875949664986E+00,-5.728275094200326E-01
318,1.427219406919450E+00,-5.714839639605854E-01
319,1.428562864173914E+00,-5.701405253039942E-01
320,1.429906321428377E+00,-5.687972015135984E-01
321,1.431249778682841E+00,-5.674540005839155E-01
322,1.432593235937305E+00,-5.661109304413098E-01
323,1.433936693191768E+00,-5.647679989446670E-01
324,1.435280150446232E+00,-5.634252138860766E-01
325,1.436623607700696E+00,-5.620825829914708E-01
326,1.437967064955159E+00,-5.607401139213009E-01
327,1.439310522209623E+00,-5.593978142711620E-01
328,1.440653979464087E+00,-5.580556915724360E-01
329,1.441997436718550E+00,-5.567137532929316E-01
330,1.443340893973014E+00,-5.553720068374856E-01
331,1.444684351227478E+00,-5.540304595486054E-01
332,1.446027808481941E+00,-5.526891187070512E-01
333,1.447371265736405E+00,-5.513479915324525E-01
334,1.448714722990869E+00,-5.500070851839011E-01
335,1.450058180245332E+00,-5.486664067605285E-01
336,1.451401637499796E+00,-5.473259633021039E-01
337,1.452745094754260E+00,-5.459857617895938E-01
338,1.454088552008723E+00,-5.446458091457297E-01
339,1.455432009263187E+00,-5.433061122355838E-01
340,1.456775466517651E+00,-5.419666778671023E-01
341,1.458118923772115E+00,-5.406275127916802E-01
342,1.459462381026578E+00,-5.392886237046701E-01
343,1.460805838281042E+00,-5.379500172459531E-01
344,1.462149295535506E+00,-5.366117000004496E-01
345,1.463492752789969E+00,-5.352736784986367E-01
346,1.464836210044433E+00,-5.339359592170926E-01
347,1.466179667298896E+00,-5.325985485789773E-01
348,1.467523124553360E+00,-5.312614529545696E-01
349,1.468866581807824E+00,-5.299246786617458E-01
350,1.470210039062288E+00,-5.285882319664854E-01
351,1.471553496316751E+00,-5.272521190833628E-01
352,1.472896953571215E+00,-5.259163461760196E-01
353,1.474240410825679E+00,-5.245809193576689E-01
354,1.475583868080142E+00,-5.232458446915401E-01
355,1.476927325334606E+00,-5.219111281913665E-01
356,1.478270782589070E+00,-5.205767758218481E-01
357,1.479614239843533E+00,-5.192427934990953E-01
358,1.480957697097997E+00,-5.179091870911097E-01
359,1.482301154352461E+00,-5.165759624182064E-01
360,1.483644611606924E+00,-5.152431252534677E-01
361,1.484988068861388E+00,-5.139106813231925E-01
362,1.486331526115852E+00,-5.125786363073083E-01
363,1.487674983370315E+00,-5.112469958398294E-01
364,1.489018440624779E+00,-5.099157655092563E-01
365,1.490361897879243E+00,-5.085849508590081E-01
366,1.491705355133707E+00,-5.072545573878420E-01
367,1.493048812388170E+00,-5.059245905502517E-01
368,1.494392269642634E+00,-5.045950557568936E-01
369,1.495735726897097E+00,-5.032659583749743E-01
370,1.497079184151561E+00,-5.019373037286510E-01
371,1.498422641406025E+00,-5.006090970994375E-01
372,1.499766098660488E+00,-4.992813437265753E-01
373,1.501109555914952E+00,-4.979540488074447E-01
374,1.502453013169416E+00,-4.966272174979153E-01
375,1.503796470423880E+00,-4.953008549127624E-01
376,1.505139927678343E+00,-4.939749661260066E-01
377,1.506483384932807E+00,-4.926495561712989E-01
378,1.507826842187271E+00,-4.913246300422965E-01
379,1.509170299441734E+00,-4.900001926930012E-01
380,1.510513756696198E+00,-4.886762490381462E-01
381,1.511857213950662E+00,-4.873528039535313E-01
382,1.513200671205125E+00,-4.860298622763761E-01
383,1.514544128459589E+00,-4.847074288056872E-01
384,1.515887585714053E+00,-4.833855083025687E-01
385,1.517231042968516E+00,-4.820641054906012E-01
386,1.518574500222980E+00,-4.807432250561511E-01
387,1.519917957477444E+00,-4.794228716487103E-01
388,1.521261414731907E+00,-4.781030498812429E-01
389,1.522604871986371E+00,-4.767837643304845E-01
390,1.523948329240835E+00,-4.754650195372990E-01
391,1.525291786495298E+00,-4.741468200069635E-01
392,1.526635243749762E+00,-4.728291702095209E-01
393,1.527978701004226E+00,-4.715120745800699E-01
394,1.529322158258689E+00,-4.701955375190795E-01
395,1.530665615513153E+00,-4.688795633927134E-01
396,1.532009072767617E+00,-4.675641565331077E-01
397,1.533352530022080E+00,-4.662493212387027E-01
398,1.534695987276544E+00,-4.649350617745220E-01
399,1.536039444531008E+00,-4.636213823724658E-01
400,1.537382901785472E+00,-4.623082872316286E-01
401,1.538726359039935E+00,-4.609957805185543E-01
402,1.540069816294399E+00,-4.596838663675588E-01
403,1.541413273548863E+00,-4.583725488809900E-01
404,1.542756730803326E+00,-4.570618321295145E-01
405,1.544100188057790E+00,-4.557517201524121E-01
406,1.545443645312254E+00,-4.544422169578233E-01
407,1.546787102566717E+00,-4.531333265230562E-01
408,1.548130559821181E+00,-4.518250527948314E-01
409,1.549474017075644E+00,-4.505173996895597E-01
410,1.550817474330108E+00,-4.492103710936191E-01
411,1.552160931584572E+00,-4.479039708635907E-01
412,1.553504388839036E+00,-4.465982028265550E-01
413,1.554847846093499E+00,-4.452930707803226E-01
414,1.556191303347963E+00,-4.439885784936961E-01
415,1.557534760602427E+00,-4.426847297067348E-01
416,1.558878217856890E+00,-4.413815281309885E-01
417,1.560221675111354E+00,-4.400789774497700E-01
418,1.561565132365818E+00,-4.387770813183777E-01
419,1.562908589620281E+00,-4.374758433643471E-01
420,1.564252046874745E+00,-4.361752671877036E-01
421,1.565595504129209E+00,-4.348753563611832E-01
422,1.566938961383673E+00,-4.335761144304967E-01
423,1.568282418638136E+00,-4.322775449145264E-01
424,1.569625875892600E+00,-4.309796513056018E-01
425,1.570969333147064E+00,-4.296824370696985E-01
426,1.572312790401527E+00,-4.283859056466801E-01
427,1.573656247655991E+00,-4.270900604505302E-01
428,1.574999704910454E+00,-4.257949048695563E-01
429,1.576343162164918E+00,-4.245004422666413E-01
430,1.577686619419382E+00,-4.232066759794439E-01
431,1.579030076673845E+00,-4.219136093206153E-01
432,1.580373533928309E+00,-4.206212455780361E-01
433,1.581716991182773E+00,-4.193295880150015E-01
434,1.583060448437237E+00,-4.180386398704691E-01
435,1.584403905691700E+00,-4.167484043592404E-01
436,1.585747362946164E+00,-4.154588846721754E-01
437,1.587090820200628E+00,-4.141700839764217E-01
438,1.588434277455091E+00,-4.128820054155829E-01
439,1.589777734709555E+00,-4.115946521099601E-01
440,1.591121191964019E+00,-4.103080271567286E-01
441,1.592464649218482E+00,-4.090221336301375E-01
442,1.593808106472946E+00,-4.077369745817349E-01
443,1.595151563727410E+00,-4.064525530405198E-01
444,1.596495020981873E+00,-4.051688720131877E-01
445,1.597838478236337E+00,-4.038859344842821E-01
446,1.599181935490801E+00,-4.026037434164038E-01
447,1.600525392745265E+00,-4.013223017504084E-01
448,1.601868849999728E+00,-4.000416124055706E-01
449,1.603212307254192E+00,-3.987616782798049E-01
450,1.604555764508655E+00,-3.974825022498069E-01
451,1.605899221763119E+00,-3.962040871712844E-01
452,1.607242679017583E+00,-3.949264358791054E-01
453,1.608586136272046E+00,-3.936495511874816E-01
454,1.609929593526510E+00,-3.923734358901760E-01
455,1.611273050780974E+00,-3.910980927606323E-01
456,1.612616508035438E+00,-3.898235245522010E-01
457,1.613959965289901E+00,-3.885497339982812E-01
458,1.615303422544365E+00,-3.872767238124951E-01
459,1.616646879798829E+00,-3.860044966888877E-01
460,1.617990337053292E+00,-3.847330553020534E-01
461,1.619333794307756E+00,-3.834624023073461E-01
462,1.620677251562220E+00,-3.821925403410230E-01
463,1.622020708816683E+00,-3.809234720204113E-01
464,1.623364166071147E+00,-3.796551999440920E-01
465,1.624707623325611E+00,-3.783877266920315E-01
466,1.626051080580074E+00,-3.771210548257788E-01
467,1.627394537834538E+00,-3.758551868886020E-01
468,1.628737995089002E+00,-3.745901254056522E-01
469,1.630081452343465E+00,-3.733258728841363E-01
470,1.631424909597929E+00,-3.720624318134462E-01
471,1.632768366852393E+00,-3.707998046653497E-01
472,1.634111824106856E+00,-3.695379938941165E-01
473,1.635455281361320E+00,-3.682770019366815E-01
474,1.636798738615784E+00,-3.670168312128069E-01
475,1.638142195870247E+00,-3.657574841252091E-01
476,1.639485653124711E+00,-3.644989630597413E-01
477,1.640829110379175E+00,-3.632412703855161E-01
478,1.642172567633639E+00,-3.619844084550554E-01
479,1.643516024888102E+00,-3.607283796044594E-01
480,1.644859482142566E+00,-3.594731861535203E-01
481,1.646202939397030E+00,-3.582188304059009E-01
482,1.647546396651493E+00,-3.569653146492368E-01
483,1.648889853905957E+00,-3.557126411553245E-01
484,1.650233311160421E+00,-3.544608121802297E-01
485,1.651576768414884E+00,-3.532098299644323E-01
486,1.652920225669348E+00,-3.519596967329924E-01
487,1.654263682923812E+00,-3.507104146956316E-01
488,1.655607140178275E+00,-3.494619860469441E-01
489,1.656950597432739E+00,-3.482144129664768E-01
490,1.658294054687202E+00,-3.469676976188770E-01
491,1.659637511941666E+00,-3.457218421540502E-01
492,1.660980969196130E+00,-3.444768487072546E-01
493,1.662324426450594E+00,-3.432327193992771E-01
494,1.663667883705057E+00,-3.419894563365282E-01
495,1.665011340959521E+00,-3.407470616111887E-01
496,1.666354798213985E+00,-3.395055373013493E-01
497,1.667698255468448E+00,-3.382648854711056E-01
498,1.669041712722912E+00,-3.370251081707365E-01
499,1.670385169977376E+00,-3.357862074367871E-01
500,1.671728627231839E+00,-3.345481852922100E-01
501,1.673072084486303E+00,-3.333110437465083E-01
502,1.674415541740767E+00,-3.320747847958244E-01
503,1.675758998995230E+00,-3.308394104230957E-01
504,1.677102456249694E+00,-3.296049225981733E-01
505,1.678445913504158E+00,-3.283713232779199E-01
506,1.679789370758622E+00,-3.271386144063601E-01
507,1.681132828013085E+00,-3.259067979147823E-01
508,1.682476285267549E+00,-3.246758757218821E-01
509,1.683819742522012E+00,-3.234458497338503E-01
510,1.685163199776476E+00,-3.222167218445066E-01
511,1.686506657030940E+00,-3.209884939354282E-01
512,1.687850114285403E+00,-3.197611678760467E-01
513,1.689193571539867E+00,-3.185347455237901E-01
514,1.690537028794331E+00,-3.173092287241561E-01
515,1.691880486048795E+00,-3.160846193108807E-01
516,1.693223943303258E+00,-3.148609191060135E-01
517,1.694567400557722E+00,-3.136381299200407E-01
518,1.695910857812186E+00,-3.124162535520149E-01
519,1.697254315066649E+00,-3.111952917896337E-01
520,1.698597772321113E+00,-3.099752464093944E-01
521,1.699941229575577E+00,-3.087561191766687E-01
522,1.701284686830040E+00,-3.075379118458283E-01
523,1.702628144084504E+00,-3.063206261603647E-01
524,1.703971601338968E+00,-3.051042638529704E-01
525,1.705315058593431E+00,-3.038888266456807E-01
526,1.706658515847895E+00,-3.026743162499680E-01
527,1.708001973102359E+00,-3.014607343668316E-01
528,1.709345430356823E+00,-3.002480826869447E-01
529,1.710688887611286E+00,-2.990363628907151E-01
530,1.712032344865750E+00,-2.978255766484331E-01
531,1.713375802120213E+00,-2.966157256203541E-01
532,1.714719259374677E+00,-2.954068114567975E-01
533,1.716062716629141E+00,-2.941988357982810E-01
534,1.717406173883604E+00,-2.929918002755889E-01
535,1.718749631138068E+00,-2.917857065099038E-01
536,1.720093088392532E+00,-2.905805561128963E-01
537,1.721436545646996E+00,-2.893763506868265E-01
538,1.722780002901459E+00,-2.881730918246592E-01
539,1.724123460155923E+00,-2.869707811101432E-01
540,1.725466917410387E+00,-2.857694201179495E-01
541,1.726810374664850E+00,-2.845690104137224E-01
542,1.728153831919314E+00,-2.833695535542273E-01
543,1.729497289173778E+00,-2.821710510874286E-01
544,1.730840746428241E+00,-2.809735045525796E-01
545,1.732184203682705E+00,-2.797769154803573E-01
546,1.733527660937169E+00,-2.785812853929108E-01
547,1.734871118191632E+00,-2.773866158040150E-01
548,1.736214575446096E+00,-2.761929082191271E-01
549,1.737558032700560E+00,-2.750001641354989E-01
550,1.738901489955023E+00,-2.738083850422933E-01
551,1.740244947209487E+00,-2.726175724206367E-01
552,1.741588404463951E+00,-2.714277277437722E-01
553,1.742931861718414E+00,-2.702388524771120E-01
554,1.744275318972878E+00,-2.690509480783502E-01
555,1.745618776227342E+00,-2.678640159975701E-01
556,1.746962233481805E+00,-2.666780576773169E-01
557,1.748305690736269E+00,-2.654930745527130E-01
558,1.749649147990733E+00,-2.643090680515485E-01
559,1.750992605245196E+00,-2.631260395943668E-01
560,1.752336062499660E+00,-2.619439905945830E-01
561,1.753679519754124E+00,-2.607629224585429E-01
562,1.755022977008587E+00,-2.595828365856566E-01
563,1.756366434263051E+00,-2.584037343684698E-01
564,1.757709891517515E+00,-2.572256171927562E-01
565,1.759053348771979E+00,-2.560484864376329E-01
566,1.760396806026442E+00,-2.548723434756208E-01
567,1.761740263280906E+00,-2.536971896727793E-01
568,1.763083720535370E+00,-2.525230263887737E-01
569,1.764427177789833E+00,-2.513498549769539E-01
570,1.765770635044297E+00,-2.501776767845041E-01
571,1.767114092298760E+00,-2.490064931524646E-01
572,1.768457549553224E+00,-2.478363054158900E-01
573,1.769801006807688E+00,-2.466671149038896E-01
574,1.771144464062152E+00,-2.454989229397613E-01
575,1.772487921316615E+00,-2.443317308410662E-01
576,1.773831378571079E+00,-2.431655399197083E-01
577,1.775174835825543E+00,-2.420003514820697E-01
578,1.776518293080006E+00,-2.408361668290397E-01
579,1.777861750334470E+00,-2.396729872561833E-01
580,1.779205207588934E+00,-2.385108140537746E-01
581,1.780548664843397E+00,-2.373496485069036E-01
582,1.781892122097861E+00,-2.361894918956010E-01
583,1.783235579352325E+00,-2.350303454948838E-01
584,1.784579036606788E+00,-2.338722105748867E-01
585,1.785922493861252E+00,-2.327150884009356E-01
586,1.787265951115716E+00,-2.315589802336351E-01
587,1.788609408370180E+00,-2.304038873289971E-01
588,1.789952865624643E+00,-2.292498109384857E-01
589,1.791296322879107E+00,-2.280967523091471E-01
590,1.792639780133571E+00,-2.269447126836870E-01
591,1.793983237388034E+00,-2.257936933005714E-01
592,1.795326694642498E+00,-2.246436953941194E-01
593,1.796670151896961E+00,-2.234947201945866E-01
594,1.798013609151425E+00,-2.223467689282864E-01
595,1.799357066405889E+00,-2.211998428176530E-01
596,1.800700523660353E+00,-2.200539430813545E-01
597,1.802043980914816E+00,-2.189090709343901E-01
598,1.803387438169280E+00,-2.177652275881661E-01
599,1.804730895423744E+00,-2.166224142506299E-01
600,1.806074352678207E+00,-2.154806321263127E-01
601,1.807417809932671E+00,-2.143398824164763E-01
602,1.808761267187135E+00,-2.132001663191779E-01
603,1.810104724441598E+00,-2.120614850293785E-01
604,1.811448181696062E+00,-2.109238397390490E-01
605,1.812791638950526E+00,-2.097872316372320E-01
606,1.814135096204989E+00,-2.086516619101940E-01
607,1.815478553459453E+00,-2.075171317414916E-01
608,1.816822010713917E+00,-2.063836423120525E-01
609,1.818165467968381E+00,-2.052511948003234E-01
610,1.819508925222844E+00,-2.041197903823242E-01
611,1.820852382477308E+00,-2.029894302317841E-01
612,1.822195839731771E+00,-2.018601155202176E-01
613,1.823539296986235E+00,-2.007318474170240E-01
614,1.824882754240699E+00,-1.996046270896263E-01
615,1.826226211495162E+00,-1.984784557035154E-01
616,1.827569668749626E+00,-1.973533344224125E-01
617,1.828913126004090E+00,-1.962292644083337E-01
618,1.830256583258553E+00,-1.951062468217003E-01
619,1.831600040513017E+00,-1.939842828214654E-01
620,1.832943497767481E+00,-1.928633735651850E-01
621,1.834286955021944E+00,-1.917435202091639E-01
622,1.835630412276408E+00,-1.906247239085314E-01
623,1.836973869530872E+00,-1.895069858173551E-01
624,1.838317326785336E+00,-1.883903070887730E-01
625,1.839660784039799E+00,-1.872746888750636E-01
626,1.841004241294263E+00,-1.861601323278030E-01
627,1.842347698548727E+00,-1.850466385979348E-01
628,1.843691155803190E+00,-1.839342088359016E-01
629,1.845034613057654E+00,-1.828228441917611E-01
630,1.846378070312118E+00,-1.817125458152853E-01
631,1.847721527566581E+00,-1.806033148561120E-01
632,1.849064984821045E+00,-1.794951524637982E-01
633,1.850408442075509E+00,-1.783880597879998E-01
634,1.851751899329972E+00,-1.772820379785665E-01
635,1.853095356584436E+00,-1.761770881856359E-01
636,1.854438813838900E+00,-1.750732115598078E-01
637,1.855782271093363E+00,-1.739704092522116E-01
638,1.857125728347827E+00,-1.728686824146773E-01
639,1.858469185602291E+00,-1.717680321998202E-01
640,1.859812642856754E+00,-1.706684597611849E-01
641,1.861156100111218E+00,-1.695699662533922E-01
642,1.862499557365682E+00,-1.684725528322187E-01
643,1.863843014620145E+00,-1.673762206547817E-01
644,1.865186471874609E+00,-1.662809708796319E-01
645,1.866529929129073E+00,-1.651868046669009E-01
646,1.867873386383537E+00,-1.640937231784414E-01
647,1.869216843638000E+00,-1.630017275779515E-01
648,1.870560300892464E+00,-1.619108190311274E-01
649,1.871903758146928E+00,-1.608209987057941E-01
650,1.873247215401391E+00,-1.597322677720374E-01
651,1.874590672655855E+00,-1.586446274023807E-01
652,1.875934129910318E+00,-1.575580787718865E-01
653,1.877277587164782E+00,-1.564726230583513E-01
654,1.878621044419246E+00,-1.553882614424106E-01
655,1.879964501673710E+00,-1.543049951077210E-01
656,1.881307958928173E+00,-1.532228252411053E-01
657,1.882651416182637E+00,-1.521417530327052E-01
658,1.883994873437101E+00,-1.510617796761529E-01
659,1.885338330691564E+00,-1.499829063687016E-01
660,1.886681787946028E+00,-1.489051343114385E-01
661,1.888025245200492E+00,-1.478284647094039E-01
662,1.889368702454955E+00,-1.467528987717793E-01
663,1.890712159709419E+00,-1.456784377120689E-01
664,1.892055616963883E+00,-1.446050827482495E-01
665,1.893399074218346E+00,-1.435328351029768E-01
666,1.894742531472810E+00,-1.424616960037400E-01
667,1.896085988727274E+00,-1.413916666830569E-01
668,1.897429445981738E+00,-1.403227483786659E-01
669,1.898772903236201E+00,-1.392549423336953E-01
670,1.900116360490665E+00,-1.381882497968839E-01
671,1.901459817745129E+00,-1.371226720227589E-01
672,1.902803274999592E+00,-1.360582102718286E-01
673,1.904146732254056E+00,-1.349948658108205E-01
674,1.905490189508519E+00,-1.339326399128435E-01
675,1.906833646762983E+00,-1.328715338576403E-01
676,1.908177104017447E+00,-1.318115489317768E-01
677,1.909520561271910E+00,-1.307526864288695E-01
678,1.910864018526374E+00,-1.296949476498269E-01
679,1.912207475780838E+00,-1.286383339030333E-01
680,1.913550933035302E+00,-1.275828465046429E-01
681,1.914894390289765E+00,-1.265284867787672E-01
682,1.916237847544229E+00,-1.254752560577370E-01
683,1.917581304798693E+00,-1.244231556823702E-01
684,1.918924762053156E+00,-1.233721870021836E-01
685,1.920268219307620E+00,-1.223223513756944E-01
686,1.921611676562084E+00,-1.212736501706638E-01
687,1.922955133816547E+00,-1.202260847643533E-01
688,1.924298591071011E+00,-1.191796565438477E-01
689,1.925642048325475E+00,-1.181343669062797E-01
690,1.926985505579939E+00,-1.170902172591830E-01
691,1.928328962834402E+00,-1.160472090207192E-01
692,1.929672420088866E+00,-1.150053436200493E-01
693,1.931015877343329E+00,-1.139646224976045E-01
694,1.932359334597793E+00,-1.129250471054002E-01
695,1.933702791852257E+00,-1.118866189074027E-01
696,1.935046249106720E+00,-1.108493393798033E-01
697,1.936389706361184E+00,-1.098132100114313E-01
698,1.937733163615648E+00,-1.087782323040473E-01
699,1.939076620870111E+00,-1.077444077727244E-01
700,1.940420078124575E+00,-1.067117379462430E-01
701,1.941763535379039E+00,-1.056802243674129E-01
702,1.943106992633503E+00,-1.046498685935335E-01
703,1.944450449887966E+00,-1.036206721967357E-01
704,1.945793907142430E+00,-1.025926367644222E-01
705,1.947137364396894E+00,-1.015657638997004E-01
706,1.948480821651357E+00,-1.005400552217754E-01
707,1.949824278905821E+00,-9.951551236644729E-02
708,1.951167736160285E+00,-9.849213698654502E-02
709,1.952511193414748E+00,-9.746993075238564E-02
710,1.953854650669212E+00,-9.644889535230072E-02
711,1.955198107923676E+00,-9.542903249310175E-02
712,1.956541565178139E+00,-9.441034390061986E-02
713,1.957885022432603E+00,-9.339283132022969E-02
714,1.959228479687067E+00,-9.237649651739155E-02
715,1.960571936941530E+00,-9.136134127823814E-02
716,1.961915394195994E+00,-9.034736741013372E-02
717,1.963258851450458E+00,-8.933457674230882E-02
718,1.964602308704921E+00,-8.832297112643639E-02
719,1.965945765959385E+00,-8.731255243733049E-02
720,1.967289223213849E+00,-8.630332257356488E-02
721,1.968632680468312E+00,-8.529528345817705E-02
722,1.969976137722776E+00,-8.428843703939470E-02
723,1.971319594977240E+00,-8.328278529132627E-02
724,1.972663052231703E+00,-8.227833021477893E-02
725,1.974006509486167E+00,-8.127507383799970E-02
726,1.975349966740631E+00,-8.027301821750243E-02
727,1.976693423995095E+00,-7.927216543893867E-02
728,1.978036881249558E+00,-7.827251761791731E-02
729,1.979380338504022E+00,-7.727407690097876E-02
730,1.980723795758486E+00,-7.627684546649804E-02
731,1.982067253012949E+00,-7.528082552565818E-02
732,1.983410710267413E+00,-7.428601932350687E-02
733,1.984754167521877E+00,-7.329242913996070E-02
734,1.986097624776340E+00,-7.230005729095323E-02
735,1.987441082030804E+00,-7.130890612954266E-02
736,1.988784539285267E+00,-7.031897804711595E-02
737,1.990127996539731E+00,-6.933027547463377E-02
738,1.991471453794195E+00,-6.834280088390321E-02
739,1.992814911048659E+00,-6.735655678894825E-02
740,1.994158368303122E+00,-6.637154574740300E-02
741,1.995501825557586E+00,-6.538777036195909E-02
742,1.996845282812050E+00,-6.440523328194248E-02
743,1.998188740066513E+00,-6.342393720485806E-02
744,1.999532197320977E+00,-6.244388487812391E-02
745,2.000875654575441E+00,-6.146507910078003E-02
746,2.002219111829905E+00,-6.048752272533620E-02
747,2.003562569084368E+00,-5.951121865969411E-02
748,2.004906026338832E+00,-5.853616986919297E-02
749,2.006249483593296E+00,-5.756237937867459E-02
750,2.007592940847759E+00,-5.658985027474894E-02
751,2.008936398102223E+00,-5.561858570813649E-02
752,2.010279855356687E+00,-5.464858889609525E-02
753,2.011623312611150E+00,-5.367986312503636E-02
754,2.012966769865614E+00,-5.271241175323660E-02
755,2.014310227120077E+00,-5.174623821378355E-02
756,2.015653684374541E+00,-5.078134601750761E-02
757,2.016997141629005E+00,-4.981773875628159E-02
758,2.018340598883468E+00,-4.885542010641319E-02
759,2.019684056137932E+00,-4.789439383221727E-02
760,2.021027513392396E+00,-4.693466378983402E-02
761,2.022370970646859E+00,-4.597623393133399E-02
762,2.023714427901323E+00,-4.501910830896305E-02
763,2.025057885155787E+00,-4.406329107976514E-02
764,2.026401342410250E+00,-4.310878651041405E-02
765,2.027744799664714E+00,-4.215559898251575E-02
766,2.029088256919178E+00,-4.120373299804103E-02
767,2.030431714173642E+00,-4.025319318534815E-02
768,2.031775171428105E+00,-3.930398430554916E-02
769,2.033118628682569E+00,-3.835611125930050E-02
770,2.034462085937033E+00,-3.740957909415821E-02
771,2.035805543191496E+00,-3.646439301248394E-02
772,2.037149000445960E+00,-3.552055837992740E-02
773,2.038492457700424E+00,-3.457808073462387E-02
774,2.039835914954887E+00,-3.363696579713615E-02
775,2.041179372209351E+00,-3.269721948125481E-02
776,2.042522829463815E+00,-3.175884790566930E-02
777,2.043866286718278E+00,-3.082185740671894E-02
778,2.045209743972742E+00,-2.988625455236316E-02
779,2.046553201227206E+00,-2.895204615732838E-02
780,2.047896658481670E+00,-2.801923929985484E-02
781,2.049240115736133E+00,-2.708784134004205E-02
782,2.050583572990597E+00,-2.615785994016762E-02
783,2.051927030245061E+00,-2.522930308702909E-02
784,2.053270487499524E+00,-2.430217911691601E-02
785,2.054613944753988E+00,-2.337649674336395E-02
786,2.055957402008452E+00,-2.245226508817599E-02
787,2.057300859262915E+00,-2.152949371631063E-02
788,2.058644316517379E+00,-2.060819267527747E-02
789,2.059987773771843E+00,-1.968837253968614E-02
790,2.061331231026307E+00,-1.877004446214936E-02
791,2.062674688280770E+00,-1.785322023152036E-02
792,2.064018145535234E+00,-1.693791234013031E-02
793,2.065361602789697E+00,-1.602413406173941E-02
794,2.066705060044161E+00,-1.511189954278802E-02
795,2.068048517298624E+00,-1.420122391000456E-02
796,2.069391974553088E+00,-1.329212339835628E-02
797,2.070735431807552E+00,-1.238461550495851E-02
798,2.072078889062015E+00,-1.147871917622600E-02
799,2.073422346316479E+00,-1.057445503834753E-02
800,2.074765803570943E+00,-9.671845685598868E-03
801,2.076109260825407E+00,-8.770916047109223E-03
802,2.077452718079870E+00,-7.871693863080287E-03
803,2.078796175334334E+00,-6.974210318019480E-03
804,2.080139632588798E+00,-6.078500907838347E-03
805,2.081483089843261E+00,-5.184606670402769E-03
806,2.082826547097725E+00,-4.292576013367633E-03
807,2.084170004352189E+00,-3.402467597254710E-03
808,2.085513461606652E+00,-2.514355277027924E-03
809,2.086856918861116E+00,-1.628337693153847E-03
810,2.088200376115580E+00,-7.445613174860144E-04
811,2.089543833370044E+00,1.366858698046425E-04
812,2.090887290624507E+00,1.015823529991411E-03
813,2.092230747878971E+00,1.893889924616143E-03
814,2.093574205133435E+00,2.771383881735368E-03
815,2.094917662387898E+00,3.648424633540093E-03
816,2.096261119642362E+00,4.525078714704978E-03
817,2.097604576896826E+00,5.401390757654334E-03
818,2.098948034151289E+00,6.277393608631332E-03
819,2.100291491405753E+00,7.153112855022070E-03
820,2.101634948660217E+00,8.028569217261028E-03
821,2.102978405914680E+00,8.903779954150037E-03
822,2.104321863169144E+00,9.778759752719468E-03
823,2.105665320423608E+00,1.065352132411179E-02
824,2.107008777678071E+00,1.152807582025150E-02
825,2.108352234932535E+00,1.240243313551082E-02
826,2.109695692186999E+00,1.327660213155946E-02
827,2.111039149441463E+00,1.415059080888159E-02
828,2.112382606695926E+00,1.502440644036962E-02
829,2.113726063950390E+00,1.589805567715941E-02
830,2.115069521204854E+00,1.677154463384056E-02
831,2.116412978459317E+00,1.764487895788625E-02
832,2.117756435713781E+00,1.851806388691679E-02
833,2.119099892968245E+00,1.939110429650881E-02
834,2.120443350222708E+00,2.026400474036771E-02
835,2.121786807477172E+00,2.113676948443077E-02
836,2.123130264731635E+00,2.200940253608286E-02
837,2.124473721986099E+00,2.288190766926013E-02
838,2.125817179240563E+00,2.375428844627847E-02
839,2.127160636495026E+00,2.462654823676402E-02
840,2.128504093749490E+00,2.549869023437967E-02
841,2.129847551003954E+00,2.637071747148556E-02
842,2.131191008258417E+00,2.724263283208583E-02
843,2.132534465512881E+00,2.811443906343081E-02
844,2.133877922767345E+00,2.898613878631462E-02
845,2.135221380021808E+00,2.985773450430518E-02
846,2.136564837276272E+00,3.072922861201732E-02
847,2.137908294530736E+00,3.160062340268932E-02
848,2.139251751785200E+00,3.247192107489227E-02
849,2.140595209039663E+00,3.334312373868287E-02
850,2.141938666294127E+00,3.421423342125218E-02
851,2.143282123548591E+00,3.508525207200563E-02
852,2.144625580803054E+00,3.595618156721248E-02
853,2.145969038057518E+00,3.682702371434077E-02
854,2.147312495311982E+00,3.769778025595827E-02
855,2.148655952566445E+00,3.856845287337762E-02
856,2.149999409820909E+00,3.943904318997038E-02
857,2.151342867075373E+00,4.030955277428960E-02
858,2.152686324329836E+00,4.117998314293891E-02
859,2.154029781584300E+00,4.205033576318196E-02
860,2.155373238838764E+00,4.292061205544906E-02
861,2.156716696093227E+00,4.379081339564506E-02
862,2.158060153347691E+00,4.466094111723284E-02
863,2.159403610602155E+00,4.553099651329329E-02
864,2.160747067856619E+00,4.640098083836730E-02
865,2.162090525111082E+00,4.727089531019546E-02
866,2.163433982365546E+00,4.814074111135769E-02
867,2.164777439620010E+00,4.901051939083834E-02
868,2.166120896874473E+00,4.988023126544716E-02
869,2.167464354128937E+00,5.074987782115781E-02
870,2.168807811383401E+00,5.161946011444074E-02
871,2.170151268637865E+00,5.248897917342987E-02
872,2.171494725892328E+00,5.335843599907619E-02
873,2.172838183146792E+00,5.422783156618249E-02
874,2.174181640401255E+00,5.509716682450450E-02
875,2.175525097655719E+00,5.596644269963857E-02
876,2.176868554910182E+00,5.683566009393815E-02
877,2.178212012164646E+00,5.770481988741261E-02
878,2.179555469419110E+00,5.857392293853880E-02
879,2.180898926673573E+00,5.944297008500443E-02
880,2.182242383928037E+00,6.031196214447965E-02
881,2.183585841182501E+00,6.118089991531783E-02
882,2.184929298436964E+00,6.204978417721962E-02
883,2.186272755691428E+00,6.291861569183732E-02
884,2.187616212945892E+00,6.378739520345511E-02
885,2.188959670200356E+00,6.465612343951410E-02
886,2.190303127454819E+00,6.552480111114978E-02
887,2.191646584709283E+00,6.639342891377675E-02
888,2.192990041963747E+00,6.726200752756573E-02
889,2.194333499218210E+00,6.813053761789145E-02
890,2.195676956472674E+00,6.899901983584744E-02
891,2.197020413727138E+00,6.986745481867507E-02
892,2.198363870981602E+00,7.073584319016735E-02
893,2.199707328236065E+00,7.160418556106363E-02
894,2.201050785490529E+00,7.247248252948679E-02
895,2.202394242744993E+00,7.334073468128421E-02
896,2.203737699999456E+00,7.420894259036670E-02
897,2.205081157253920E+00,7.507710681909785E-02
898,2.206424614508384E+00,7.594522791858660E-02
899,2.207768071762847E+00,7.681330642903772E-02
900,2.209111529017311E+00,7.768134287999506E-02
901,2.210454986271775E+00,7.854933779072082E-02
902,2.211798443526238E+00,7.941729167042111E-02
903,2.213141900780702E+00,8.028520501851000E-02
904,2.214485358035166E+00,8.115307832492347E-02
905,2.215828815289629E+00,8.202091207032192E-02
906,2.217172272544093E+00,8.288870672635118E-02
907,2.218515729798557E+00,8.375646275587523E-02
908,2.219859187053021E+00,8.462418061322774E-02
909,2.221202644307484E+00,8.549186074439241E-02
910,2.222546101561948E+00,8.635950358721201E-02
911,2.223889558816412E+00,8.722710957163204E-02
912,2.225233016070875E+00,8.809467911988145E-02
913,2.226576473325339E+00,8.896221264662540E-02
914,2.227919930579803E+00,8.982971055920719E-02
915,2.229263387834266E+00,9.069717325779270E-02
916,2.230606845088730E+00,9.156460113553166E-02
917,2.231950302343193E+00,9.243199457876194E-02
918,2.233293759597657E+00,9.329935396714406E-02
919,2.234637216852121E+00,9.416667967381664E-02
920,2.235980674106584E+00,9.503397206555242E-02
921,2.237324131361048E+00,9.590123150290897E-02
922,2.238667588615512E+00,9.676845834038372E-02
923,2.240011045869975E+00,9.763565292649656E-02
924,2.241354503124439E+00,9.850281560399377E-02
925,2.242697960378903E+00,9.936994670994637E-02
926,2.244041417633366E+00,1.002370465758455E-01
927,2.245384874887830E+00,1.011041155277804E-01
928,2.246728332142294E+00,1.019711538865206E-01
929,2.248071789396758E+00,1.028381619676432E-01
930,2.249415246651221E+00,1.037051400816266E-01
931,2.250758703905685E+00,1.045720885339882E-01
932,2.252102161160149E+00,1.054390076253794E-01
933,2.253445618414612E+00,1.063058976516517E-01
934,2.254789075669076E+00,1.071727589040171E-01
935,2.256132532923540E+00,1.080395916691066E-01
936,2.257475990178003E+00,1.089063962290832E-01
937,2.258819447432467E+00,1.097731728616829E-01
938,2.260162904686931E+00,1.106399218403814E-01
939,2.261506361941394E+00,1.115066434344408E-01
940,2.262849819195858E+00,1.123733379089707E-01
941,2.264193276450322E+00,1.132400055250509E-01
942,2.265536733704785E+00,1.141066465398100E-01
943,2.266880190959249E+00,1.149732612064502E-01
944,2.268223648213713E+00,1.158398497743883E-01
945,2.269567105468177E+00,1.167064124893032E-01
946,2.270910562722640E+00,1.175729495932057E-01
947,2.272254019977104E+00,1.184394613244834E-01
948,2.273597477231568E+00,1.193059479180293E-01
949,2.274940934486031E+00,1.201724096052723E-01
950,2.276284391740495E+00,1.210388466142119E-01
951,2.277627848994959E+00,1.219052591695462E-01
952,2.278971306249422E+00,1.227716474926976E-01
953,2.280314763503886E+00,1.236380118018557E-01
954,2.281658220758350E+00,1.245043523120817E-01
955,2.283001678012814E+00,1.253706692353365E-01
956,2.284345135267277E+00,1.262369627805319E-01
957,2.285688592521741E+00,1.271032331535984E-01
958,2.287032049776204E+00,1.279694805575394E-01
959,2.288375507030668E+00,1.288357051924905E-01
960,2.289718964285131E+00,1.297019072557236E-01
961,2.291062421539595E+00,1.305680869417718E-01
962,2.292405878794059E+00,1.314342444424160E-01
963,2.293749336048522E+00,1.323003799467792E-01
964,2.295092793302986E+00,1.331664936413030E-01
965,2.296436250557450E+00,1.340325857098825E-01
966,2.297779707811914E+00,1.348986563338631E-01
967,2.299123165066377E+00,1.357647056920559E-01
968,2.300466622320841E+00,1.366307339608477E-01
969,2.301810079575305E+00,1.374967413141922E-01
970,2.303153536829768E+00,1.383627279236620E-01
971,2.304496994084232E+00,1.392286939584867E-01
972,2.305840451338696E+00,1.400946395856187E-01
973,2.307183908593160E+00,1.409605649697445E-01
974,2.308527365847623E+00,1.418264702732944E-01
975,2.309870823102087E+00,1.426923556565458E-01
976,2.311214280356551E+00,1.435582212776219E-01
977,2.312557737611014E+00,1.444240672925039E-01
978,2.313901194865478E+00,1.452898938551153E-01
979,2.315244652119941E+00,1.461557011173308E-01
980,2.316588109374405E+00,1.470214892289831E-01
981,2.317931566628869E+00,1.478872583379381E-01
982,2.319275023883333E+00,1.487530085901105E-01
983,2.320618481137796E+00,1.496187401295005E-01
984,2.321961938392260E+00,1.504844530981846E-01
985,2.323305395646724E+00,1.513501476364044E-01
986,2.324648852901187E+00,1.522158238825656E-01
987,2.325992310155651E+00,1.530814819732546E-01
988,2.327335767410115E+00,1.539471220432826E-01
989,2.328679224664579E+00,1.548127442257308E-01
990,2.330022681919042E+00,1.556783486519503E-01
991,2.331366139173506E+00,1.565439354515511E-01
992,2.332709596427970E+00,1.574095047525373E-01
993,2.334053053682433E+00,1.582750566812337E-01
994,2.335396510936897E+00,1.591405913623367E-01
995,2.336739968191361E+00,1.600061089189558E-01
996,2.338083425445824E+00,1.608716094726405E-01
997,2.339426882700288E+00,1.617370931433587E-01
998,2.340770339954751E+00,1.626025600495727E-01
999,2.342113797209215E+00,1.634680103082384E-01
1000,2.343457254463678E+00,1.643334440348311E-01
1001,2.344800711718142E+00,1.651988613433349E-01
1002,2.346144168972606E+00,1.660642623463420E-01
1003,2.347487626227070E+00,1.669296471549996E-01
1004,2.348831083481533E+00,1.677950158790470E-01
1005,2.350174540735997E+00,1.686603686268531E-01
1006,2.351517997990461E+00,1.695257055054482E-01
1007,2.352861455244924E+00,1.703910266204883E-01
1008,2.354204912499388E+00,1.712563320763272E-01
1009,2.355548369753852E+00,1.721216219760199E-01
1010,2.356891827008316E+00,1.729868964213436E-01
1011,2.358235284262779E+00,1.738521555127788E-01
1012,2.359578741517243E+00,1.747173993495853E-01
1013,2.360922198771707E+00,1.755826280297959E-01
1014,2.362265656026170E+00,1.764478416502072E-01
1015,2.363609113280634E+00,1.773130403064342E-01
1016,2.364952570535098E+00,1.781782240929179E-01
1017,2.366296027789561E+00,1.790433931029155E-01
1018,2.367639485044025E+00,1.799085474285558E-01
1019,2.368982942298489E+00,1.807736871608208E-01
1020,2.370326399552952E+00,1.816388123895901E-01
1021,2.371669856807416E+00,1.825039232036173E-01
1022,2.373013314061880E+00,1.833690196905972E-01
1023,2.374356771316343E+00,1.842341019371397E-01
1024,2.375700228570807E+00,1.850991700287887E-01
1025,2.377043685825271E+00,1.859642240500498E-01
1026,2.378387143079735E+00,1.868292640844077E-01
1027,2.379730600334198E+00,1.876942902143338E-01
1028,2.381074057588662E+00,1.885593025212570E-01
1029,2.382417514843126E+00,1.894243010856669E-01
1030,2.383760972097589E+00,1.902892859870550E-01
1031,2.385104429352053E+00,1.911542573039394E-01
1032,2.386447886606517E+00,1.920192151138975E-01
1033,2.387791343860980E+00,1.928841594935775E-01
1034,2.389134801115444E+00,1.937490905186751E-01
1035,2.390478258369908E+00,1.946140082639883E-01
1036,2.391821715624372E+00,1.954789128034130E-01
1037,2.393165172878835E+00,1.963438042099590E-01
1038,2.394508630133299E+00,1.972086825557291E-01
1039,2.395852087387762E+00,1.980735479119774E-01
1040,2.397195544642226E+00,1.989384003491145E-01
1041,2.398539001896689E+00,1.998032399366626E-01
1042,2.399882459151153E+00,2.006680667433449E-01
1043,2.401225916405617E+00,2.015328808370530E-01
1044,2.402569373660080E+00,2.023976822848387E-01
1045,2.403912830914544E+00,2.032624711529766E-01
1046,2.405256288169008E+00,2.041272475069336E-01
1047,2.406599745423472E+00,2.049920114114009E-01
1048,2.407943202677935E+00,2.058567629302724E-01
1049,2.409286659932399E+00,2.067215021266933E-01
1050,2.410630117186863E+00,2.075862290630640E-01
1051,2.411973574441326E+00,2.084509438010064E-01
1052,2.413317031695790E+00,2.093156464014312E-01
1053,2.414660488950254E+00,2.101803369245027E-01
1054,2.416003946204717E+00,2.110450154296882E-01
1055,2.417347403459181E+00,2.119096819757035E-01
1056,2.418690860713645E+00,2.127743366206050E-01
1057,2.420034317968109E+00,2.136389794217373E-01
1058,2.421377775222572E+00,2.145036104357467E-01
1059,2.422721232477036E+00,2.153682297186242E-01
1060,2.424064689731499E+00,2.162328373256803E-01
1061,2.425408146985963E+00,2.170974333115592E-01
1062,2.426751604240427E+00,2.179620177302596E-01
1063,2.428095061494891E+00,2.188265906351307E-01
1064,2.429438518749354E+00,2.196911520789019E-01
1065,2.430781976003818E+00,2.205557021136310E-01
1066,2.432125433258282E+00,2.214202407907861E-01
1067,2.433468890512745E+00,2.222847681612271E-01
1068,2.434812347767209E+00,2.231492842751652E-01
1069,2.436155805021673E+00,2.240137891822486E-01
1070,2.437499262276136E+00,2.248782829315165E-01
1071,2.438842719530600E+00,2.257427655714174E-01
1072,2.440186176785064E+00,2.266072371498212E-01
1073,2.441529634039528E+00,2.274716977140323E-01
1074,2.442873091293991E+00,2.283361473107872E-01
1075,2.444216548548455E+00,2.292005859862400E-01
1076,2.445560005802919E+00,2.300650137860161E-01
1077,2.446903463057382E+00,2.309294307551918E-01
1078,2.448246920311846E+00,2.317938369382790E-01
1079,2.449590377566309E+00,2.326582323792776E-01
1080,2.450933834820773E+00,2.335226171216548E-01
1081,2.452277292075236E+00,2.343869912083500E-01
1082,2.453620749329700E+00,2.352513546817679E-01
1083,2.454964206584164E+00,2.361157075838382E-01
1084,2.456307663838628E+00,2.369800499559701E-01
1085,2.457651121093091E+00,2.378443818390554E-01
1086,2.458994578347555E+00,2.387087032735062E-01
1087,2.460338035602019E+00,2.395730142992630E-01
1088,2.461681492856482E+00,2.404373149557377E-01
1089,2.463024950110946E+00,2.413016052819106E-01
1090,2.464368407365410E+00,2.421658853162673E-01
1091,2.465711864619874E+00,2.430301550968333E-01
1092,2.467055321874337E+00,2.438944146611566E-01
1093,2.468398779128801E+00,2.447586640463491E-01
1094,2.469742236383265E+00,2.456229032890641E-01
1095,2.471085693637728E+00,2.464871324254981E-01
1096,2.472429150892192E+00,2.473513514914123E-01
1097,2.473772608146656E+00,2.482155605221460E-01
1098,2.475116065401119E+00,2.490797595525753E-01
1099,2.476459522655583E+00,2.499439486171665E-01
1100,2.477802979910047E+00,2.508081277499681E-01
1101,2.479146437164510E+00,2.516722969846086E-01
1102,2.480489894418974E+00,2.525364563542863E-01
1103,2.481833351673438E+00,2.534006058918032E-01
1104,2.483176808927901E+00,2.542647456295638E-01
1105,2.484520266182365E+00,2.551288755995516E-01
1106,2.485863723436829E+00,2.559929958333651E-01
1107,2.487207180691293E+00,2.568571063622176E-01
1108,2.488550637945756E+00,2.577212072169419E-01
1109,2.489894095200220E+00,2.585852984279355E-01
1110,2.491237552454684E+00,2.594493800252829E-01
1111,2.492581009709147E+00,2.603134520386640E-01
1112,2.493924466963611E+00,2.611775144973751E-01
1113,2.495267924218075E+00,2.620415674303637E-01
1114,2.496611381472538E+00,2.629056108662130E-01
1115,2.497954838727002E+00,2.637696448331280E-01
1116,2.499298295981466E+00,2.646336693589748E-01
1117,2.500641753235930E+00,2.654976844712685E-01
1118,2.501985210490393E+00,2.663616901971795E-01
1119,2.503328667744857E+00,2.672256865634949E-01
1120,2.504672124999320E+00,2.680896735967110E-01
1121,2.506015582253784E+00,2.689536513229631E-01
1122,2.507359039508247E+00,2.698176197680501E-01
1123,2.508702496762711E+00,2.706815789574459E-01
1124,2.510045954017175E+00,2.715455289163016E-01
1125,2.511389411271638E+00,2.724094696694245E-01
1126,2.512732868526102E+00,2.732734012413242E-01
1127,2.514076325780566E+00,2.741373236561876E-01
1128,2.515419783035030E+00,2.750012369378888E-01
1129,2.516763240289493E+00,2.758651411099758E-01
1130,2.518106697543957E+00,2.767290361956976E-01
1131,2.519450154798421E+00,2.775929222180198E-01
1132,2.520793612052884E+00,2.784567991995699E-01
1133,2.522137069307348E+00,2.793206671627028E-01
1134,2.523480526561812E+00,2.801845261294834E-01
1135,2.524823983816275E+00,2.810483761216543E-01
1136,2.526167441070739E+00,2.819122171606978E-01
1137,2.527510898325203E+00,2.827760492677986E-01
1138,2.528854355579667E+00,2.836398724638695E-01
1139,2.530197812834130E+00,2.845036867695155E-01
1140,2.531541270088594E+00,2.853674922050895E-01
1141,2.532884727343057E+00,2.862312887906681E-01
1142,2.534228184597521E+00,2.870950765460396E-01
1143,2.535571641851985E+00,2.879588554907364E-01
1144,2.536915099106449E+00,2.888226256440254E-01
1145,2.538258556360912E+00,2.896863870249154E-01
1146,2.539602013615376E+00,2.905501396521191E-01
1147,2.540945470869840E+00,2.914138835441341E-01
1148,2.542288928124303E+00,2.922776187191898E-01
1149,2.543632385378767E+00,2.931413451952406E-01
1150,2.544975842633231E+00,2.940050629900094E-01
1151,2.546319299887694E+00,2.948687721209813E-01
1152,2.547662757142158E+00,2.957324726053630E-01
1153,2.549006214396622E+00,2.965961644601459E-01
1154,2.550349671651086E+00,2.974598477020693E-01
1155,2.551693128905549E+00,2.983235223476443E-01
1156,2.553036586160013E+00,2.991871884131220E-01
1157,2.554380043414477E+00,3.000508459145385E-01
1158,2.555723500668940E+00,3.009144948677048E-01
1159,2.557066957923404E+00,3.017781352881764E-01
1160,2.558410415177867E+00,3.026417671913062E-01
1161,2.559753872432331E+00,3.035053905922189E-01
1162,2.561097329686794E+00,3.043690055057899E-01
1163,2.562440786941258E+00,3.052326119467150E-01
1164,2.563784244195722E+00,3.060962099294441E-01
1165,2.565127701450186E+00,3.069597994682262E-01
1166,2.566471158704649E+00,3.078233805770749E-01
1167,2.567814615959113E+00,3.086869532698089E-01
1168,2.569158073213577E+00,3.095505175600473E-01
1169,2.570501530468040E+00,3.104140734611684E-01
1170,2.571844987722504E+00,3.112776209863722E-01
1171,2.573188444976968E+00,3.121411601486394E-01
1172,2.574531902231431E+00,3.130046909607826E-01
1173,2.575875359485895E+00,3.138682134353419E-01
1174,2.577218816740359E+00,3.147317275847379E-01
1175,2.578562273994823E+00,3.155952334211604E-01
1176,2.579905731249286E+00,3.164587309565896E-01
1177,2.581249188503750E+00,3.173222202028341E-01
1178,2.582592645758214E+00,3.181857011715260E-01
1179,2.583936103012677E+00,3.190491738740713E-01
1180,2.585279560267141E+00,3.199126383217094E-01
1181,2.586623017521605E+00,3.207760945254956E-01
1182,2.587966474776068E+00,3.216395424963181E-01
1183,2.589309932030532E+00,3.225029822448339E-01
1184,2.590653389284996E+00,3.233664137815675E-01
1185,2.591996846539459E+00,3.242298371168550E-01
1186,2.593340303793923E+00,3.250932522608407E-01
1187,2.594683761048387E+00,3.259566592234978E-01
1188,2.596027218302850E+00,3.268200580146473E-01
1189,2.597370675557314E+00,3.276834486439127E-01
1190,2.598714132811778E+00,3.285468311207502E-01
1191,2.600057590066242E+00,3.294102054544753E-01
1192,2.601401047320705E+00,3.302735716542142E-01
1193,2.602744504575169E+00,3.311369297289181E-01
1194,2.604087961829633E+00,3.320002796873891E-01
1195,2.605431419084096E+00,3.328636215382802E-01
1196,2.606774876338560E+00,3.337269552900559E-01
1197,2.608118333593024E+00,3.345902809510356E-01
1198,2.609461790847488E+00,3.354535985293805E-01
1199,2.610805248101951E+00,3.363169080331130E-01
1200,2.612148705356415E+00,3.371802094700583E-01
1201,2.613492162610878E+00,3.380435028479301E-01
1202,2.614835619865342E+00,3.389067881742751E-01
1203,2.616179077119805E+00,3.397700654564785E-01
1204,2.617522534374269E+00,3.406333347017898E-01
1205,2.618865991628733E+00,3.414965959173217E-01
1206,2.620209448883196E+00,3.423598491100112E-01
1207,2.621552906137660E+00,3.432230942866714E-01
1208,2.622896363392124E+00,3.440863314539706E-01
1209,2.624239820646587E+00,3.449495606184388E-01
1210,2.625583277901051E+00,3.458127817864364E-01
1211,2.626926735155515E+00,3.466759949642234E-01
1212,2.628270192409979E+00,3.475392001579053E-01
1213,2.629613649664442E+00,3.484023973734441E-01
1214,2.630957106918906E+00,3.492655866166674E-01
1215,2.632300564173370E+00,3.501287678932864E-01
1216,2.633644021427833E+00,3.509919412088532E-01
1217,2.634987478682297E+00,3.518551065688006E-01
1218,2.636330935936761E+00,3.527182639784443E-01
1219,2.637674393191225E+00,3.535814134429480E-01
1220,2.639017850445688E+00,3.544445549673526E-01
1221,2.640361307700152E+00,3.553076885565760E-01
1222,2.641704764954615E+00,3.561708142154216E-01
1223,2.643048222209079E+00,3.570339319485333E-01
1224,2.644391679463543E+00,3.578970417604715E-01
1225,2.645735136718007E+00,3.587601436556553E-01
1226,2.647078593972470E+00,3.596232376383900E-01
1227,2.648422051226934E+00,3.604863237128307E-01
1228,2.649765508481398E+00,3.613494018830500E-01
1229,2.651108965735861E+00,3.622124721530011E-01
1230,2.652452422990325E+00,3.630755345264928E-01
1231,2.653795880244789E+00,3.639385890072332E-01
1232,2.655139337499252E+00,3.648016355988304E-01
1233,2.656482794753716E+00,3.656646743047451E-01
1234,2.657826252008180E+00,3.665277051283592E-01
1235,2.659169709262644E+00,3.673907280729162E-01
1236,2.660513166517107E+00,3.682537431415841E-01
1237,2.661856623771571E+00,3.691167503373625E-01
1238,2.663200081026035E+00,3.699797496632009E-01
1239,2.664543538280498E+00,3.708427411219172E-01
1240,2.665886995534962E+00,3.717057247162109E-01
1241,2.667230452789425E+00,3.725687004486951E-01
1242,2.668573910043889E+00,3.734316683218759E-01
1243,2.669917367298352E+00,3.742946283381348E-01
1244,2.671260824552816E+00,3.751575804997762E-01
1245,2.672604281807280E+00,3.760205248089851E-01
1246,2.673947739061744E+00,3.768834612678721E-01
1247,2.675291196316207E+00,3.777463898783995E-01
1248,2.676634653570671E+00,3.786093106424701E-01
1249,2.677978110825135E+00,3.794722235618865E-01
1250,2.679321568079598E+00,3.803351286383269E-01
1251,2.680665025334062E+00,3.811980258733995E-01
1252,2.682008482588526E+00,3.820609152686153E-01
1253,2.683351939842989E+00,3.829237968253620E-01
1254,2.684695397097453E+00,3.837866705449622E-01
1255,2.686038854351917E+00,3.846495364286443E-01
1256,2.687382311606381E+00,3.855123944775357E-01
1257,2.688725768860844E+00,3.863752446926614E-01
1258,2.690069226115308E+00,3.872380870749709E-01
1259,2.691412683369772E+00,3.881009216253329E-01
1260,2.692756140624235E+00,3.889637483445033E-01
1261,2.694099597878699E+00,3.898265672331558E-01
1262,2.695443055133163E+00,3.906893782918913E-01
1263,2.696786512387626E+00,3.915521815212247E-01
1264,2.698129969642090E+00,3.924149769215470E-01
1265,2.699473426896554E+00,3.932777644932079E-01
1266,2.700816884151017E+00,3.941405442364684E-01
1267,2.702160341405481E+00,3.950033161514698E-01
1268,2.703503798659945E+00,3.958660802383046E-01
1269,2.704847255914408E+00,3.967288364969800E-01
1270,2.706190713168872E+00,3.975915849274049E-01
1271,2.707534170423336E+00,3.984543255294197E-01
1272,2.708877627677800E+00,3.993170583027935E-01
1273,2.710221084932263E+00,4.001797832471972E-01
1274,2.711564542186727E+00,4.010425003622234E-01
1275,2.712907999441191E+00,4.019052096474078E-01
1276,2.714251456695654E+00,4.027679111021968E-01
1277,2.715594913950118E+00,4.036306047259465E-01
1278,2.716938371204582E+00,4.044932905179544E-01
1279,2.718281828459045E+00,4.053559684774509E-01
